[06:35:49] [main/INFO]: Loading Minecraft 1.20.1 with Fabric Loader 0.18.1
[06:35:50] [ForkJoinPool-1-worker-2/WARN]: Mod mr_dungeons uses the version 1.8.4b which isn't compatible with Loader's extended semantic version format (Could not parse version number component '4b'!), SemVer is recommended for reliably evaluating dependencies and prioritizing newer version
[06:35:50] [ForkJoinPool-1-worker-1/WARN]: Mod mr_vanilla_refresh uses the version 1.4.19h which isn't compatible with Loader's extended semantic version format (Could not parse version number component '19h'!), SemVer is recommended for reliably evaluating dependencies and prioritizing newer version
[06:35:50] [ForkJoinPool-1-worker-1/WARN]: Mod mr_dungeons_andtaverns uses the version 3.0.3.f which isn't compatible with Loader's extended semantic version format (Could not parse version number component 'f'!), SemVer is recommended for reliably evaluating dependencies and prioritizing newer version
[06:35:50] [ForkJoinPool-1-worker-2/WARN]: Mod cpm uses the version 0.6.25a which isn't compatible with Loader's extended semantic version format (Could not parse version number component '25a'!), SemVer is recommended for reliably evaluating dependencies and prioritizing newer version
[06:35:50] [main/INFO]: Loading 264 mods:
	- amendments 1.20-2.2.3
	- ancient_tools 2.0.0
	- archers 1.3.0+1.20.1
	   \-- com_github_zsoltmolnarrr_tinyconfig 2.3.2
	- architectury 9.2.14
	- azurelibarmor 2.0.14
	- backported 1.0.0
	- backported-discs 2.0
	- backported_wolves 1.1.0-1.19.3-1.20.4
	- bettercaves 1.20.1-Fabric-2.0.5
	   \-- org_reflections_reflections 0.10.2
	- betterdeserttemples 1.20-Fabric-3.0.3
	- betterdungeons 1.20-Fabric-4.0.4
	- betterendisland 1.20-Fabric-2.0.6
	- betterfortresses 1.20-Fabric-2.0.6
	- betterjungletemples 1.20-Fabric-2.0.5
	- bettermineshafts 1.20-Fabric-4.0.4
	- betteroceanmonuments 1.20-Fabric-3.0.4
	- betterstrongholds 1.20-Fabric-4.0.3
	- betterwitchhuts 1.20-Fabric-3.0.3
	- bosses_of_mass_destruction 1.7.5-1.20.1
	   |-- maelstrom_library 1.6.1-1.20
	   \-- multipart_entities 1.5-1.20
	- botarium 2.3.4
	   \-- team_reborn_energy 3.0.0
	- cardinal-components 5.2.3
	   |-- cardinal-components-base 5.2.3
	   |-- cardinal-components-block 5.2.3
	   |-- cardinal-components-chunk 5.2.3
	   |-- cardinal-components-entity 5.2.3
	   |-- cardinal-components-item 5.2.3
	   |-- cardinal-components-level 5.2.3
	   |-- cardinal-components-scoreboard 5.2.3
	   \-- cardinal-components-world 5.2.3
	- cloth-config 11.1.136
	   \-- cloth-basic-math 0.6.1
	- collective 8.13
	- cpm 0.6.25a
	- crafttweaker 14.0.59
	- create 6.0.8.0+build.1734-mc1.20.1
	   |-- com_google_code_findbugs_jsr305 3.0.2
	   |-- flywheel 1.0.5+1.20.1.build.264
	   |-- milk 1.2.60
	   |    \-- dripstone_fluid_lib 3.0.2
	   |-- ponder 1.0.91
	   |    |-- com_google_code_findbugs_jsr305 3.0.2
	   |    |-- flywheel 1.0.0
	   |    \-- javax_annotation_javax_annotation-api 1.3.2
	   |-- porting_lib_tags 3.0
	   |-- reach-entity-attributes 2.4.0
	   \-- registrate-fabric 1.3.79-MC1.20.1
	        \-- com_google_code_findbugs_jsr305 3.0.2
	- createaddition 1.3.3
	- crossbowenchants 1.4.0+1.20-1.20.4
	   |-- com_electronwill_night-config_core 3.8.1
	   \-- com_electronwill_night-config_toml 3.8.1
	- dungeonnowloading 2.11
	- easyanvils 8.0.2
	- easymagic 8.0.1
	- elemental 1.1
	- elytraslot 6.4.4+1.20.1
	- elytratrims 3.9.3
	   |-- conditional-mixin 0.6.4
	   \-- mixinsquared 0.3.3
	- essential_commands 0.35.3-mc1.20.1
	   |-- ec-core 1.3.0-mc1.20.1
	   |    |-- fabric-permissions-api-v0 0.2-SNAPSHOT
	   |    |-- placeholder-api 2.1.1+1.20
	   |    \-- playerabilitylib 1.8.0
	   |-- fabric-permissions-api-v0 0.2-SNAPSHOT
	   |-- org_yaml_snakeyaml 2.0
	   |-- placeholder-api 2.1.1+1.20
	   \-- playerabilitylib 1.8.0
	- fabric-api 0.92.6+1.20.1
	   |-- fabric-api-base 0.4.32+1802ada577
	   |-- fabric-api-lookup-api-v1 1.6.37+1802ada577
	   |-- fabric-biome-api-v1 13.0.14+1802ada577
	   |-- fabric-block-api-v1 1.0.12+1802ada577
	   |-- fabric-block-view-api-v2 1.0.3+924f046a77
	   |-- fabric-blockrenderlayer-v1 1.1.42+1802ada577
	   |-- fabric-client-tags-api-v1 1.1.3+1802ada577
	   |-- fabric-command-api-v1 1.2.35+f71b366f77
	   |-- fabric-command-api-v2 2.2.14+1802ada577
	   |-- fabric-commands-v0 0.2.52+df3654b377
	   |-- fabric-containers-v0 0.1.67+df3654b377
	   |-- fabric-content-registries-v0 4.0.13+1802ada577
	   |-- fabric-convention-tags-v1 1.5.6+1802ada577
	   |-- fabric-crash-report-info-v1 0.2.20+1802ada577
	   |-- fabric-data-attachment-api-v1 1.0.2+de0fd6d177
	   |-- fabric-data-generation-api-v1 12.3.7+1802ada577
	   |-- fabric-dimensions-v1 2.1.55+1802ada577
	   |-- fabric-entity-events-v1 1.6.1+1c78457f77
	   |-- fabric-events-interaction-v0 0.6.5+13a40c6677
	   |-- fabric-events-lifecycle-v0 0.2.64+df3654b377
	   |-- fabric-game-rule-api-v1 1.0.41+1802ada577
	   |-- fabric-item-api-v1 2.1.29+1802ada577
	   |-- fabric-item-group-api-v1 4.0.14+1802ada577
	   |-- fabric-key-binding-api-v1 1.0.38+1802ada577
	   |-- fabric-keybindings-v0 0.2.36+df3654b377
	   |-- fabric-lifecycle-events-v1 2.2.23+1802ada577
	   |-- fabric-loot-api-v2 1.2.3+1802ada577
	   |-- fabric-loot-tables-v1 1.1.47+9e7660c677
	   |-- fabric-message-api-v1 5.1.10+1802ada577
	   |-- fabric-mining-level-api-v1 2.1.52+1802ada577
	   |-- fabric-model-loading-api-v1 1.0.4+1802ada577
	   |-- fabric-models-v0 0.4.3+9386d8a777
	   |-- fabric-networking-api-v1 1.3.14+a158aa0477
	   |-- fabric-networking-v0 0.3.54+df3654b377
	   |-- fabric-object-builder-api-v1 11.1.5+e35120df77
	   |-- fabric-particles-v1 1.1.3+1802ada577
	   |-- fabric-recipe-api-v1 1.0.24+1802ada577
	   |-- fabric-registry-sync-v0 2.3.6+1802ada577
	   |-- fabric-renderer-api-v1 3.2.2+1802ada577
	   |-- fabric-renderer-indigo 1.5.3+85287f9f77
	   |-- fabric-renderer-registries-v1 3.2.47+df3654b377
	   |-- fabric-rendering-data-attachment-v1 0.3.39+92a0d36777
	   |-- fabric-rendering-fluids-v1 3.0.29+1802ada577
	   |-- fabric-rendering-v0 1.1.50+df3654b377
	   |-- fabric-rendering-v1 3.0.9+1802ada577
	   |-- fabric-resource-conditions-api-v1 2.3.9+1802ada577
	   |-- fabric-resource-loader-v0 0.11.12+fb82e9d777
	   |-- fabric-screen-api-v1 2.0.9+1802ada577
	   |-- fabric-screen-handler-api-v1 1.3.33+1802ada577
	   |-- fabric-sound-api-v1 1.0.14+1802ada577
	   |-- fabric-transfer-api-v1 3.3.6+8dd72ea377
	   \-- fabric-transitive-access-wideners-v1 4.3.2+1802ada577
	- fabric-language-kotlin 1.13.7+kotlin.2.2.21
	   |-- org_jetbrains_kotlin_kotlin-reflect 2.2.21
	   |-- org_jetbrains_kotlin_kotlin-stdlib 2.2.21
	   |-- org_jetbrains_kotlin_kotlin-stdlib-jdk7 2.2.21
	   |-- org_jetbrains_kotlin_kotlin-stdlib-jdk8 2.2.21
	   |-- org_jetbrains_kotlinx_atomicfu-jvm 0.29.0
	   |-- org_jetbrains_kotlinx_kotlinx-coroutines-core-jvm 1.10.2
	   |-- org_jetbrains_kotlinx_kotlinx-coroutines-jdk8 1.10.2
	   |-- org_jetbrains_kotlinx_kotlinx-datetime-jvm 0.7.1
	   |-- org_jetbrains_kotlinx_kotlinx-io-bytestring-jvm 0.8.0
	   |-- org_jetbrains_kotlinx_kotlinx-io-core-jvm 0.8.0
	   |-- org_jetbrains_kotlinx_kotlinx-serialization-cbor-jvm 1.9.0
	   |-- org_jetbrains_kotlinx_kotlinx-serialization-core-jvm 1.9.0
	   \-- org_jetbrains_kotlinx_kotlinx-serialization-json-jvm 1.9.0
	- fabricloader 0.18.1
	   \-- mixinextras 0.5.0
	- fantasy_3d_weapons 1.0.0
	- farmersdelight 1.20.1-2.4.1+refabricated
	   \-- mm 2.3
	- ferritecore 6.0.1
	- forgeconfigapiport 8.0.3
	- geckolib 4.8.2
	   \-- com_eliotlash_mclib_mclib 20
	- geophilic 3.4.4
	- hauntedharvest 1.20-3.2.0
	   \-- io_github_llamalad7_mixinextras-forge 0.3.6
	- incendium 5.3.5
	- infinitetrading 4.6
	- java 17
	- jewelry 1.3.7+1.20.1
	   \-- com_github_zsoltmolnarrr_tinyconfig 2.3.2
	- lithium 0.11.4
	- mcda 5.0.2
	- mcdar 4.0.5
	- mcde 1.6.4-1.20
	   |-- blue_endless_jankson 1.2.3
	   \-- com_hrakaroo_glob 0.9.0
	- mcdw 9.0.4
	- mes 1.4.6-1.20-fabric
	- midnightlib 1.9.1
	- minecraft 1.20.1
	- mmv 2.0.0
	- mns 2.0.2
	- moogs_structures 1.1.0-1.20-1.20.4
	- moonlight 1.20-2.16.16
	- morehitboxes 1.9.3
	- mr_backported_wolvesterralithcompat 1.0
	- mr_dungeons 1.8.4b
	- mr_dungeons_andtaverns 3.0.3.f
	- mr_dungeons_andtavernsancientcityoverhaul 1
	- mr_dungeons_andtavernspillageroutpostrework 1.1
	- mr_dungeons_andtavernsstrongholdrework 1
	- mr_dungeons_andtavernsswamphutrework 1
	- mr_katters_structures 1.6
	- mr_stronger_crossbows 0.1
	- mr_vanilla_backportterralithbwgcompat 1.2
	- mr_vanilla_refresh 1.4.19h
	- mss 2.0.0
	- mtr 1.0.2
	- mvs 5.0.21
	- netherchested 8.0.4
	   \-- puzzlesapi 8.1.7
	- nightfall 1.0
	- nullscape 1.2.7
	- ornate_weaponry 2.0.0
	- paladins 1.4.0+1.20.1
	   \-- com_github_zsoltmolnarrr_tinyconfig 2.3.2
	- pehkui 3.8.3+1.14.4-1.21
	   \-- kanos_config 0.4.1+1.14.4-1.19.4
	- picaxe 1.0.9
	- platform 1.2.11.3
	- player-animator 1.0.2-rc1+1.20
	- polymorph 0.49.10+1.20.1
	   \-- spectrelib 0.13.17+1.20.1
	- porting_lib 2.3.14+1.20.1
	   |-- porting_lib_accessors 2.3.14+1.20.1
	   |-- porting_lib_asm 2.3.14+1.20.1
	   |-- porting_lib_attributes 2.3.14+1.20.1
	   |-- porting_lib_base 2.3.14+1.20.1
	   |-- porting_lib_blocks 2.3.14+1.20.1
	   |-- porting_lib_brewing 2.3.14+1.20.1
	   |-- porting_lib_chunk_loading 2.3.14+1.20.1
	   |-- porting_lib_client_events 2.3.14+1.20.1
	   |-- porting_lib_common 2.3.14+1.20.1
	   |-- porting_lib_config 2.3.14+1.20.1
	   |-- porting_lib_core 2.3.14+1.20.1
	   |-- porting_lib_data 2.3.14+1.20.1
	   |-- porting_lib_entity 2.3.14+1.20.1
	   |-- porting_lib_extensions 2.3.14+1.20.1
	   |-- porting_lib_fluids 2.3.14+1.20.1
	   |-- porting_lib_gametest 2.3.14+1.20.1
	   |-- porting_lib_gui_utils 2.3.14+1.20.1
	   |-- porting_lib_items 2.3.14+1.20.1
	   |-- porting_lib_lazy_registration 2.3.14+1.20.1
	   |-- porting_lib_level_events 2.3.14+1.20.1
	   |-- porting_lib_loot 2.3.14+1.20.1
	   |-- porting_lib_mixin_extensions 2.3.14+1.20.1
	   |-- porting_lib_model_builders 2.3.14+1.20.1
	   |-- porting_lib_model_generators 2.3.14+1.20.1
	   |-- porting_lib_model_loader 2.3.14+1.20.1
	   |-- porting_lib_model_materials 2.3.14+1.20.1
	   |-- porting_lib_models 2.3.14+1.20.1
	   |-- porting_lib_networking 2.3.14+1.20.1
	   |-- porting_lib_obj_loader 2.3.14+1.20.1
	   |-- porting_lib_recipe_book_categories 2.3.14+1.20.1
	   |-- porting_lib_registries 2.3.14+1.20.1
	   |-- porting_lib_tool_actions 2.3.14+1.20.1
	   |-- porting_lib_transfer 2.3.14+1.20.1
	   |-- porting_lib_utility 2.3.14+1.20.1
	   \-- reach-entity-attributes 2.4.0
	- puzzleslib 8.1.33
	   \-- puzzlesaccessapi 20.1.1
	- ranged_weapon_api 1.1.4+1.20.1
	- resourcefullib 2.1.29
	   |-- com_teamresourceful_bytecodecs 1.0.2
	   \-- com_teamresourceful_yabn 1.0.3
	- rogues 1.2.0+1.20.1
	   \-- com_github_zsoltmolnarrr_tinyconfig 2.3.2
	- runes 0.9.13+1.20.1
	- shield_api 1.0.1+1.20.1
	- skinrestorer 2.4.3+1.20-fabric
	   \-- org_mineskin_java-client 3.0.6-SNAPSHOT
	- spell_engine 0.15.12+1.20.1
	   \-- com_github_zsoltmolnarrr_tinyconfig 2.3.2
	- spell_power 0.12.0+1.20.1
	   \-- com_github_zsoltmolnarrr_tinyconfig 2.3.2
	- stackables 2.0.1
	- structory_towers 1.0.7
	- structure_pool_api 1.0+1.20.1
	- structurized-reborn 1.20.1-01
	- supplementaries 1.20-3.1.41
	- terrablender 3.0.1.10
	- terralith 2.5.4
	- travelersbackpack 9.1.43
	   \-- reach-entity-attributes 2.4.0
	- trinkets 3.7.2
	- universalenchants 8.0.0
	   \-- extensibleenums 7.0.1
	- uteamcore 5.1.4.382
	- vanillabackport 1.1.5.1
	- vanity 2.1.1
	- vanity_aesthetic_armory 1.1.1
	- vanity_colossal_weapons 1.0.2
	- vanity_crucible 1.2
	- vanity_deep_forged 1.2
	- vanity_dungeons 1.0.0
	- vanity_twilight_zone 1.0.5
	- visualoverhaul 5.0.1
	- visualworkbench 8.0.1
	- watching 1.9.2
	- wizards 1.4.1+1.20.1
	   \-- com_github_zsoltmolnarrr_tinyconfig 2.3.2
	- yet_another_config_lib_v3 3.6.6+1.20.1-fabric
	   |-- com_twelvemonkeys_common_common-image 3.12.0
	   |-- com_twelvemonkeys_common_common-io 3.12.0
	   |-- com_twelvemonkeys_common_common-lang 3.12.0
	   |-- com_twelvemonkeys_imageio_imageio-core 3.12.0
	   |-- com_twelvemonkeys_imageio_imageio-metadata 3.12.0
	   |-- com_twelvemonkeys_imageio_imageio-webp 3.12.0
	   |-- org_quiltmc_parsers_gson 0.2.1
	   \-- org_quiltmc_parsers_json 0.2.1
	- yungsapi 1.20-Fabric-4.0.6
	   \-- org_javassist_javassist 3.29.2-GA
	- yungsbridges 1.20-Fabric-4.0.3
	- yungscavebiomes 1.20.1-Fabric-2.0.5
	- yungsextras 1.20-Fabric-4.0.3
[06:35:51] [main/INFO]: SpongePowered MIXIN Subsystem Version=0.8.7 Source=file:/workspaces/puraPincheUPIIH/servidor_minecraft/libraries/net/fabricmc/sponge-mixin/0.16.5+mixin.0.8.7/sponge-mixin-0.16.5+mixin.0.8.7.jar Service=Knot/Fabric Env=SERVER
[06:35:51] [main/INFO]: Compatibility level set to JAVA_17
[06:35:51] [main/INFO]: Loaded configuration file for Lithium: 131 options available, 2 override(s) found
[06:35:51] [main/WARN]: Reference map 'puzzlesaccessapi.common.refmap.json' for puzzlesaccessapi.common.mixins.json could not be read. If this is a development environment you can ignore this message
[06:35:51] [main/WARN]: Reference map 'puzzlesaccessapi.fabric.refmap.json' for puzzlesaccessapi.fabric.mixins.json could not be read. If this is a development environment you can ignore this message
[06:35:51] [main/WARN]: Reference map 'yungsextras.refmap.json' for yungsextras.mixins.json could not be read. If this is a development environment you can ignore this message
[06:35:51] [main/WARN]: Reference map 'yungsextras.refmap.json' for yungsextras_fabric.mixins.json could not be read. If this is a development environment you can ignore this message
[06:35:52] [main/WARN]: Error loading class: net/minecraft/class_881 (java.lang.ClassNotFoundException: net/minecraft/class_881)
[06:35:52] [main/WARN]: @Mixin target net.minecraft.class_881 was not found porting_lib_base.mixins.json:client.BoatRendererMixin from mod porting_lib_base
[06:35:52] [main/WARN]: Error loading class: net/minecraft/class_525 (java.lang.ClassNotFoundException: net/minecraft/class_525)
[06:35:52] [main/WARN]: @Mixin target net.minecraft.class_525 was not found porting_lib_base.mixins.json:client.CreateWorldScreenMixin from mod porting_lib_base
[06:35:52] [main/WARN]: Error loading class: net/minecraft/class_906 (java.lang.ClassNotFoundException: net/minecraft/class_906)
[06:35:52] [main/WARN]: @Mixin target net.minecraft.class_906 was not found porting_lib_tool_actions.mixins.json:FishingHookRendererMixin from mod porting_lib_tool_actions
[06:35:52] [main/WARN]: Error loading class: net/minecraft/class_759 (java.lang.ClassNotFoundException: net/minecraft/class_759)
[06:35:52] [main/WARN]: @Mixin target net.minecraft.class_759 was not found dungeonnowloading.fabric.mixins.json:items.ItemInHandRendererMixin from mod dungeonnowloading
[06:35:52] [main/WARN]: Force-disabling mixin 'alloc.blockstate.StateMixin' as rule 'mixin.alloc.blockstate' (added by mods [ferritecore]) disables it and children
[06:35:52] [main/WARN]: Force-disabling mixin 'block.moving_block_shapes.PistonBlockEntityMixin' as rule 'mixin.block.moving_block_shapes' (added by mods [supplementaries]) disables it and children
[06:35:52] [main/WARN]: Force-disabling mixin 'block.moving_block_shapes.VoxelShapeMixin' as rule 'mixin.block.moving_block_shapes' (added by mods [supplementaries]) disables it and children
[06:35:53] [main/WARN]: Error loading class: net/minecraft/class_481 (java.lang.ClassNotFoundException: net/minecraft/class_481)
[06:35:53] [main/WARN]: @Mixin target net.minecraft.class_481 was not found porting_lib_items.mixins.json:client.CreativeModeInventoryScreenMixin from mod porting_lib_items
[06:35:53] [main/WARN]: Error loading class: me/jellysquid/mods/sodium/client/render/chunk/compile/pipeline/FluidRenderer (java.lang.ClassNotFoundException: me/jellysquid/mods/sodium/client/render/chunk/compile/pipeline/FluidRenderer)
[06:35:53] [main/WARN]: Error loading class: net/minecraft/class_970 (java.lang.ClassNotFoundException: net/minecraft/class_970)
[06:35:53] [main/WARN]: @Mixin target net.minecraft.class_970 was not found uteamcore.mixins.json:HumanoidArmorLayerMixin from mod uteamcore
[06:35:53] [main/WARN]: Error loading class: net/minecraft/class_634 (java.lang.ClassNotFoundException: net/minecraft/class_634)
[06:35:53] [main/WARN]: @Mixin target net.minecraft.class_634 was not found uteamcore.mixins.json:ClientPacketListenerMixin from mod uteamcore
[06:35:53] [main/WARN]: Error loading class: net/minecraft/class_310 (java.lang.ClassNotFoundException: net/minecraft/class_310)
[06:35:53] [main/WARN]: @Mixin target net.minecraft.class_310 was not found uteamcore.mixins.json:MinecraftMixin from mod uteamcore
[06:35:53] [main/WARN]: Error loading class: net/minecraft/class_309 (java.lang.ClassNotFoundException: net/minecraft/class_309)
[06:35:53] [main/WARN]: @Mixin target net.minecraft.class_309 was not found uteamcore.mixins.json:KeyboardHandlerMixin from mod uteamcore
[06:35:53] [main/WARN]: Error loading class: dev/ftb/mods/ftbchunks/client/gui/LargeMapScreen (java.lang.ClassNotFoundException: dev/ftb/mods/ftbchunks/client/gui/LargeMapScreen)
[06:35:53] [main/WARN]: @Mixin target dev.ftb.mods.ftbchunks.client.gui.LargeMapScreen was not found create.mixins.json:compat.ftbchunks.LargeMapScreenAccessor from mod create
[06:35:53] [main/WARN]: Error loading class: dev/ftb/mods/ftbchunks/client/gui/RegionMapPanel (java.lang.ClassNotFoundException: dev/ftb/mods/ftbchunks/client/gui/RegionMapPanel)
[06:35:53] [main/WARN]: @Mixin target dev.ftb.mods.ftbchunks.client.gui.RegionMapPanel was not found create.mixins.json:compat.ftbchunks.RegionMapPanelAccessor from mod create
[06:35:53] [main/WARN]: Error loading class: net/minecraft/class_465 (java.lang.ClassNotFoundException: net/minecraft/class_465)
[06:35:53] [main/WARN]: Error loading class: net/minecraft/class_465 (java.lang.ClassNotFoundException: net/minecraft/class_465)
[06:35:53] [main/ERROR]: uteamcore.mixins.json:UContainerMenuScreenMixin from mod uteamcore: Super class 'net.minecraft.class_465' of UContainerMenuScreenMixin was not found in the hierarchy of target class 'info/u_team/u_team_core/screen/UContainerMenuScreen'
org.spongepowered.asm.mixin.transformer.throwables.InvalidMixinException: Super class 'net.minecraft.class_465' of UContainerMenuScreenMixin was not found in the hierarchy of target class 'info/u_team/u_team_core/screen/UContainerMenuScreen'
	at org.spongepowered.asm.mixin.transformer.MixinInfo$SubType$Standard.validate(MixinInfo.java:593) ~[sponge-mixin-0.16.5+mixin.0.8.7.jar:0.16.5+mixin.0.8.7]
	at org.spongepowered.asm.mixin.transformer.MixinInfo$State.validate(MixinInfo.java:327) ~[sponge-mixin-0.16.5+mixin.0.8.7.jar:0.16.5+mixin.0.8.7]
	at org.spongepowered.asm.mixin.transformer.MixinInfo.validate(MixinInfo.java:913) ~[sponge-mixin-0.16.5+mixin.0.8.7.jar:0.16.5+mixin.0.8.7]
	at org.spongepowered.asm.mixin.transformer.MixinConfig.postInitialise(MixinConfig.java:884) ~[sponge-mixin-0.16.5+mixin.0.8.7.jar:0.16.5+mixin.0.8.7]
	at org.spongepowered.asm.mixin.transformer.MixinProcessor.prepareConfigs(MixinProcessor.java:616) ~[sponge-mixin-0.16.5+mixin.0.8.7.jar:0.16.5+mixin.0.8.7]
	at org.spongepowered.asm.mixin.transformer.MixinProcessor.select(MixinProcessor.java:510) ~[sponge-mixin-0.16.5+mixin.0.8.7.jar:0.16.5+mixin.0.8.7]
	at org.spongepowered.asm.mixin.transformer.MixinProcessor.checkSelect(MixinProcessor.java:486) ~[sponge-mixin-0.16.5+mixin.0.8.7.jar:0.16.5+mixin.0.8.7]
	at org.spongepowered.asm.mixin.transformer.MixinProcessor.lockAndSelect(MixinProcessor.java:438) ~[sponge-mixin-0.16.5+mixin.0.8.7.jar:0.16.5+mixin.0.8.7]
	at org.spongepowered.asm.mixin.transformer.MixinProcessor.couldTransformClass(MixinProcessor.java:398) ~[sponge-mixin-0.16.5+mixin.0.8.7.jar:0.16.5+mixin.0.8.7]
	at org.spongepowered.asm.mixin.transformer.MixinTransformer.couldTransformClass(MixinTransformer.java:265) ~[sponge-mixin-0.16.5+mixin.0.8.7.jar:0.16.5+mixin.0.8.7]
	at org.spongepowered.asm.mixin.transformer.MixinTransformer.transformClass(MixinTransformer.java:233) ~[sponge-mixin-0.16.5+mixin.0.8.7.jar:0.16.5+mixin.0.8.7]
	at org.spongepowered.asm.mixin.transformer.MixinTransformer.transformClassBytes(MixinTransformer.java:202) ~[sponge-mixin-0.16.5+mixin.0.8.7.jar:0.16.5+mixin.0.8.7]
	at net.fabricmc.loader.impl.launch.knot.KnotClassDelegate.getPostMixinClassByteArray(KnotClassDelegate.java:435) ~[fabric-loader-0.18.1.jar:?]
	at net.fabricmc.loader.impl.launch.knot.KnotClassDelegate.tryLoadClass(KnotClassDelegate.java:336) ~[fabric-loader-0.18.1.jar:?]
	at net.fabricmc.loader.impl.launch.knot.KnotClassDelegate.loadClass(KnotClassDelegate.java:231) ~[fabric-loader-0.18.1.jar:?]
	at net.fabricmc.loader.impl.launch.knot.KnotClassLoader.loadClass(KnotClassLoader.java:119) ~[fabric-loader-0.18.1.jar:?]
	at java.lang.ClassLoader.loadClass(ClassLoader.java:525) ~[?:?]
	at java.lang.Class.forName0(Native Method) ~[?:?]
	at java.lang.Class.forName(Class.java:467) ~[?:?]
	at net.fabricmc.loader.impl.util.DefaultLanguageAdapter.create(DefaultLanguageAdapter.java:50) ~[fabric-loader-0.18.1.jar:?]
	at net.fabricmc.loader.impl.entrypoint.EntrypointStorage$NewEntry.getOrCreate(EntrypointStorage.java:124) ~[fabric-loader-0.18.1.jar:?]
	at net.fabricmc.loader.impl.entrypoint.EntrypointContainerImpl.getEntrypoint(EntrypointContainerImpl.java:53) ~[fabric-loader-0.18.1.jar:?]
	at net.fabricmc.loader.impl.FabricLoaderImpl.invokeEntrypoints(FabricLoaderImpl.java:405) ~[fabric-loader-0.18.1.jar:?]
	at net.fabricmc.loader.impl.launch.knot.Knot.init(Knot.java:156) ~[fabric-loader-0.18.1.jar:?]
	at net.fabricmc.loader.impl.launch.knot.Knot.launch(Knot.java:66) ~[fabric-loader-0.18.1.jar:?]
	at net.fabricmc.loader.impl.launch.knot.KnotServer.main(KnotServer.java:23) ~[fabric-loader-0.18.1.jar:?]
	at net.fabricmc.loader.impl.launch.server.FabricServerLauncher.main(FabricServerLauncher.java:69) ~[fabric-loader-0.18.1.jar:?]
	at net.fabricmc.installer.ServerLauncher.main(ServerLauncher.java:69) ~[fabric-server-launch.jar:1.0.1]
[06:35:53] [main/INFO]: Initializing MixinExtras via com.llamalad7.mixinextras.service.MixinExtrasServiceImpl(version=0.5.0).
[06:36:01] [main/WARN]: @ModifyConstant conflict. Skipping yungsapi_fabric.mixins.json:IncreaseStructureWeightLimitMixinFabric from mod yungsapi->@ModifyConstant::yungsapi_increaseWeightLimitProd(I)I with priority 1000, already redirected by dungeonnowloading.fabric.mixins.json:fabric.structures.StructurePoolMixin from mod dungeonnowloading->@ModifyConstant::dungeonnowloading_increaseWeightLimit(I)I with priority 1000
[06:36:02] [main/INFO]: Loaded config amendments-common.json
[06:36:02] [main/WARN]: Method overwrite conflict for getPools in porting_lib_tool_actions.mixins.json:BuilderAccessor from mod porting_lib_tool_actions, previously written by com.blackgear.platform.core.mixin.fabric.LootTableBuilderMixin. Skipping method.
[06:36:02] [main/INFO]: Hello Fabric world!
[06:36:02] [main/INFO]: Initializing Backported-Wolves Config.
[06:36:02] [main/INFO]: backported_wolves registered wolf spawns successfully.
[06:36:02] [main/INFO]: Reflections took 39 ms to scan 1 urls, producing 0 keys and 0 values
[06:36:02] [main/INFO]: Reflections took 2 ms to scan 1 urls, producing 0 keys and 0 values
[06:36:02] [main/INFO]: Reflections took 19 ms to scan 1 urls, producing 1 keys and 2 values
[06:36:02] [main/INFO]: Reflections took 2 ms to scan 1 urls, producing 1 keys and 2 values
[06:36:02] [main/INFO]: Reflections took 2 ms to scan 1 urls, producing 1 keys and 3 values
[06:36:02] [main/INFO]: Reflections took 2 ms to scan 1 urls, producing 1 keys and 3 values
[06:36:02] [main/INFO]: Reflections took 1 ms to scan 1 urls, producing 1 keys and 2 values
[06:36:02] [main/INFO]: Reflections took 1 ms to scan 1 urls, producing 1 keys and 2 values
[06:36:02] [main/INFO]: Reflections took 1 ms to scan 1 urls, producing 1 keys and 1 values
[06:36:02] [main/INFO]: Reflections took 1 ms to scan 1 urls, producing 1 keys and 1 values
[06:36:02] [main/INFO]: Reflections took 1 ms to scan 1 urls, producing 1 keys and 3 values
[06:36:02] [main/INFO]: Reflections took 2 ms to scan 1 urls, producing 1 keys and 3 values
[06:36:02] [main/INFO]: Reflections took 1 ms to scan 1 urls, producing 1 keys and 2 values
[06:36:02] [main/INFO]: Reflections took 1 ms to scan 1 urls, producing 1 keys and 2 values
[06:36:02] [main/INFO]: Reflections took 1 ms to scan 1 urls, producing 1 keys and 1 values
[06:36:02] [main/INFO]: Reflections took 1 ms to scan 1 urls, producing 1 keys and 1 values
[06:36:03] [main/INFO]: Reflections took 2 ms to scan 1 urls, producing 1 keys and 2 values
[06:36:03] [main/INFO]: Reflections took 2 ms to scan 1 urls, producing 1 keys and 2 values
[06:36:03] [main/INFO]: Reflections took 1 ms to scan 1 urls, producing 1 keys and 1 values
[06:36:03] [main/INFO]: Reflections took 1 ms to scan 1 urls, producing 1 keys and 1 values
[06:36:03] [main/INFO]: Loading Collective version 8.13.
[06:36:03] [main/INFO]: Customizable Player Models Initialized
[06:36:03] [main/INFO]: Customizable Player Models API initialized: Loaded plugins: (0)

[06:36:05] [main/INFO]: Reflections took 2164 ms to scan 292 urls, producing 10769 keys and 72790 values
[06:36:07] [main/INFO]: Create 6.0.8.0 initializing!
[06:36:08] [main/WARN]: Tried to register an overly high cookTime: 57600 > 32767! (air)
[06:36:08] [main/INFO]: [STDOUT]: Create Crafts & Additions Initialized!
[06:36:08] [main/INFO]: Initializing Crossbow Enchants [1.4.0].
[06:36:08] [main/INFO]: [STDOUT]: [DNLPackets] registerServerbound()
[06:36:08] [main/ERROR]: No data fixer registered for dungeonnowloading:chaos_spawner
[06:36:08] [main/ERROR]: No data fixer registered for dungeonnowloading:fairkeeper
[06:36:08] [main/ERROR]: No data fixer registered for dungeonnowloading:fairkeeper_borus_part
[06:36:08] [main/ERROR]: No data fixer registered for dungeonnowloading:fairkeeper_ouros
[06:36:08] [main/ERROR]: No data fixer registered for dungeonnowloading:fairkeeper_ouros_part
[06:36:08] [main/ERROR]: No data fixer registered for dungeonnowloading:fairkeeper_serpent_caller
[06:36:08] [main/ERROR]: No data fixer registered for dungeonnowloading:hollow
[06:36:08] [main/ERROR]: No data fixer registered for dungeonnowloading:spawner_carrier
[06:36:08] [main/ERROR]: No data fixer registered for dungeonnowloading:scuttle
[06:36:08] [main/ERROR]: No data fixer registered for dungeonnowloading:ballista_golem
[06:36:08] [main/ERROR]: No data fixer registered for dungeonnowloading:sealed_chaos
[06:36:08] [main/ERROR]: No data fixer registered for dungeonnowloading:whimper
[06:36:08] [main/ERROR]: No data fixer registered for dungeonnowloading:copper_creep
[06:36:08] [main/ERROR]: No data fixer registered for dungeonnowloading:chaos_spawner_projectile
[06:36:08] [main/ERROR]: No data fixer registered for dungeonnowloading:flame_projectile
[06:36:08] [main/ERROR]: No data fixer registered for dungeonnowloading:vertex_pillar_projectile
[06:36:08] [main/ERROR]: No data fixer registered for dungeonnowloading:ballista_arrow
[06:36:08] [main/ERROR]: No data fixer registered for dungeonnowloading:vertex_arrow_projectile
[06:36:08] [main/ERROR]: No data fixer registered for dungeonnowloading:vertex_orb_projectile
[06:36:08] [main/ERROR]: No data fixer registered for dungeonnowloading:vertex_domain_projectile
[06:36:08] [main/ERROR]: No data fixer registered for dungeonnowloading:borus_arrow
[06:36:08] [main/ERROR]: No data fixer registered for dungeonnowloading:special_item_entity
[06:36:08] [main/ERROR]: No data fixer registered for dungeonnowloading:great_experience_bottle
[06:36:08] [main/ERROR]: No data fixer registered for dungeonnowloading:command_pylon
[06:36:08] [main/INFO]: Hello Fabric world!
[06:36:08] [main/INFO]: Constructing common components for easyanvils:main
[06:36:09] [main/INFO]: Constructing common components for easymagic:main
[06:36:09] [main/INFO]: Detected Java version 17. Enabling Java 16 features.
[06:36:09] [main/INFO]: [EssentialCommands]: Mod Load Initiated.
[06:36:09] [main/INFO]: [EssentialCommands]: Mod Load Complete.
[06:36:09] [main/ERROR]: No data fixer registered for rotten_tomato
[06:36:09] [main/INFO]: Loaded config hauntedharvest-common.json
[06:36:09] [main/INFO]: [STDERR]: Failed to resolve EntityAttribute with id: combatroll:recharge
[06:36:09] [main/INFO]: [STDERR]: Failed to resolve EntityAttribute with id: combatroll:count
[06:36:09] [main/INFO]: [STDERR]: Failed to resolve EntityAttribute with id: combatroll:recharge
[06:36:09] [main/INFO]: [STDERR]: Failed to resolve EntityAttribute with id: combatroll:count
[06:36:09] [main/INFO]: Registering Blocks for mcda
[06:36:09] [ForkJoinPool.commonPool-worker-3/INFO]: A new version of Essential Commands is available. Current: '0.35.3-mc1.20.1' Latest: '0.38.5-mc1.21.8
'. Get the new version at https://modrinth.com/mod/essential-commands
[06:36:09] [main/INFO]: Definitely not up to no good
[06:36:09] [main/INFO]: Loaded config moonlight-common.json
[06:36:09] [main/INFO]: Constructing common components for netherchested:main
[06:36:10] [main/INFO]: Registering C2S receiver with id picaxe:update_picaxe_url
[06:36:10] [main/INFO]: Registering C2S receiver with id picaxe:update_image_frame
[06:36:10] [main/INFO]: Constructing common components for puzzlesapi:iteminteractions
[06:36:10] [main/INFO]: Constructing common components for puzzlesapi:slotcycling
[06:36:10] [main/INFO]: Constructing common components for puzzlesapi:limitlesscontainers
[06:36:10] [main/INFO]: Constructing common components for puzzlesapi:statues
[06:36:10] [main/INFO]: Constructing common components for puzzleslib:main
[06:36:10] [main/INFO]: Shield API initialized!
[06:36:10] [main/INFO]: Loaded config supplementaries-common.json
[06:36:10] [main/INFO]: Registered region minecraft:overworld to index 0 for type OVERWORLD
[06:36:10] [main/INFO]: Registered region minecraft:nether to index 0 for type NETHER
[06:36:10] [main/INFO]: Registered region vanillabackport:overworld to index 1 for type OVERWORLD
[06:36:10] [main/INFO]: Registered region yungscavebiomes:overworld to index 2 for type OVERWORLD
[06:36:10] [main/ERROR]: No data fixer registered for 
[06:36:10] [main/INFO]: Registered the FluidEffect with Unique ID of minecraft:water for Water (Fluid Amount Required: 81000) with the ID 0
[06:36:10] [main/INFO]: Registered the FluidEffect with Unique ID of minecraft:lava for Lava (Fluid Amount Required: 81000) with the ID 1
[06:36:10] [main/INFO]: Registered the FluidEffect with Unique ID of travelersbackpack:potion for block.travelersbackpack.potion_still (Fluid Amount Required: 27000) with the ID 2
[06:36:10] [main/INFO]: Registered the FluidEffect with Unique ID of milk:still_milk for Milk (Fluid Amount Required: 81000) with the ID 3
[06:36:10] [main/INFO]: Constructing common components for universalenchants:main
[06:36:10] [main/INFO]: Loading common config for universalenchants
[06:36:10] [Version Check/INFO]: [uteamcore] Starting version check at https://api.u-team.info/update/uteamcore_fabric.json
[06:36:10] [main/ERROR]: No data fixer registered for creaking
[06:36:10] [main/ERROR]: No data fixer registered for happy_ghast
[06:36:10] [main/ERROR]: No data fixer registered for pale_oak_boat
[06:36:10] [main/ERROR]: No data fixer registered for pale_oak_chest_boat
[06:36:10] [main/ERROR]: No data fixer registered for armadillo
[06:36:11] [Version Check/INFO]: [uteamcore] Found status: UP_TO_DATE Current: 5.1.4.382 Target: null
[06:36:11] [main/INFO]: Constructing common components for visualworkbench:main
[06:36:11] [main/INFO]: Reflections took 2 ms to scan 1 urls, producing 1 keys and 4 values
[06:36:11] [main/INFO]: Reflections took 2 ms to scan 1 urls, producing 1 keys and 4 values
[06:36:11] [main/INFO]: Reflections took 1 ms to scan 1 urls, producing 1 keys and 2 values
[06:36:11] [main/INFO]: Reflections took 1 ms to scan 1 urls, producing 1 keys and 2 values
[06:36:11] [main/INFO]: Reflections took 9 ms to scan 1 urls, producing 5 keys and 65 values
[06:36:11] [main/INFO]: Reflections took 8 ms to scan 1 urls, producing 5 keys and 65 values
[06:36:11] [main/INFO]: Reflections took 0 ms to scan 1 urls, producing 1 keys and 2 values
[06:36:11] [main/INFO]: Reflections took 1 ms to scan 1 urls, producing 1 keys and 2 values
[06:36:11] [main/INFO]: Initialized block sets in 15ms
[06:36:11] [main/ERROR]: No data fixer registered for medium_dragon_fireball
[06:36:11] [main/ERROR]: No data fixer registered for medium_fireball
[06:36:11] [main/ERROR]: No data fixer registered for ring_effect_cloud
[06:36:11] [main/ERROR]: No data fixer registered for falling_lantern
[06:36:11] [main/ERROR]: No data fixer registered for hauntedharvest:splattered_egg
[06:36:11] [main/ERROR]: No data fixer registered for dispenser_minecart
[06:36:11] [main/ERROR]: No data fixer registered for falling_urn
[06:36:11] [main/ERROR]: No data fixer registered for falling_ash
[06:36:11] [main/ERROR]: No data fixer registered for falling_sack
[06:36:11] [main/ERROR]: No data fixer registered for brick_projectile
[06:36:11] [main/ERROR]: No data fixer registered for slimeball_projectile
[06:36:11] [main/ERROR]: No data fixer registered for bomb
[06:36:11] [main/ERROR]: No data fixer registered for cannonball
[06:36:11] [main/ERROR]: No data fixer registered for rope_arrow
[06:36:11] [main/ERROR]: No data fixer registered for slingshot_projectile
[06:36:11] [main/INFO]: Initialized color sets in 78ms
[06:36:11] [main/INFO]: Finished mod setup in: [0, 0, 0, 0, 0, 0, 11, 0] ms
[06:36:11] [main/INFO]: Environment: authHost='https://authserver.mojang.com', accountsHost='https://api.mojang.com', sessionHost='https://sessionserver.mojang.com', servicesHost='https://api.minecraftservices.com', name='PROD'
[06:36:12] [main/INFO]: Created 176 recipes which will be injected into the game
[06:36:12] [main/INFO]: Created 0 tags which will be injected into the game
[06:36:12] [main/INFO]: Starting runtime resource generation for pack type SERVER_DATA with generators from mods [supplementaries]: [net.mehvahdjukaar.supplementaries.dynamicpack.ServerDynamicResourcesGenerator@6b95709b]
[06:36:12] [main/INFO]: Generating runtime assets for pack Supplementaries Generated Pack (supplementaries)
[06:36:12] [main/INFO]: Generated runtime SERVER_DATA for pack Supplementaries Generated Pack (supplementaries) in: 24 ms (multithreaded)
[06:36:12] [main/INFO]: Finished runtime resources generation for 1 packs in a total of 25 ms
[06:36:14] [main/WARN]: Adding spell_power:fire to saved/remote registry.
[06:36:14] [main/WARN]: Adding spell_power:frost to saved/remote registry.
[06:36:14] [main/WARN]: Adding spell_power:arcane to saved/remote registry.
[06:36:14] [main/INFO]: [fabric-registry-sync] Loaded registry data [file 1/4]
[06:36:15] [Worker-Main-3/ERROR]: Couldn't parse element loot_tables:hauntedharvest:blocks/green_jack_o_lantern
com.google.gson.JsonSyntaxException: Expected name to be an item, was unknown string 'hauntedharvest:green_jack_o_lantern'
	at net.minecraft.class_3518.method_17995(class_3518.java:145) ~[server-intermediary.jar:?]
	at java.util.Optional.orElseThrow(Optional.java:403) ~[?:?]
	at net.minecraft.class_3518.method_15256(class_3518.java:145) ~[server-intermediary.jar:?]
	at net.minecraft.class_3518.method_15288(class_3518.java:153) ~[server-intermediary.jar:?]
	at net.minecraft.class_77$class_78.method_413(class_77.java:55) ~[server-intermediary.jar:?]
	at net.minecraft.class_77$class_78.method_443(class_77.java:40) ~[server-intermediary.jar:?]
	at net.minecraft.class_85$class_90.method_441(class_85.java:151) ~[server-intermediary.jar:?]
	at net.minecraft.class_85$class_90.method_424(class_85.java:129) ~[server-intermediary.jar:?]
	at net.minecraft.class_79$class_5337.method_29319(class_79.java:86) ~[server-intermediary.jar:?]
	at net.minecraft.class_79$class_5337.method_517(class_79.java:74) ~[server-intermediary.jar:?]
	at net.minecraft.class_5330$class_5333.deserialize(class_5330.java:102) ~[server-intermediary.jar:?]
	at com.google.gson.internal.bind.TreeTypeAdapter.read(TreeTypeAdapter.java:76) ~[gson-2.10.jar:?]
	at com.google.gson.internal.bind.TypeAdapterRuntimeTypeWrapper.read(TypeAdapterRuntimeTypeWrapper.java:40) ~[gson-2.10.jar:?]
	at com.google.gson.internal.bind.ArrayTypeAdapter.read(ArrayTypeAdapter.java:72) ~[gson-2.10.jar:?]
	at com.google.gson.Gson.fromJson(Gson.java:1214) ~[gson-2.10.jar:?]
	at com.google.gson.Gson.fromJson(Gson.java:1319) ~[gson-2.10.jar:?]
	at com.google.gson.Gson.fromJson(Gson.java:1290) ~[gson-2.10.jar:?]
	at com.google.gson.internal.bind.TreeTypeAdapter$GsonContextImpl.deserialize(TreeTypeAdapter.java:179) ~[gson-2.10.jar:?]
	at net.minecraft.class_3518.method_15291(class_3518.java:463) ~[server-intermediary.jar:?]
	at net.minecraft.class_3518.method_15272(class_3518.java:471) ~[server-intermediary.jar:?]
	at net.minecraft.class_55$class_57.method_358(class_55.java:173) ~[server-intermediary.jar:?]
	at net.minecraft.class_55$class_57.deserialize(class_55.java:169) ~[server-intermediary.jar:?]
	at com.google.gson.internal.bind.TreeTypeAdapter.read(TreeTypeAdapter.java:76) ~[gson-2.10.jar:?]
	at com.google.gson.internal.bind.TypeAdapterRuntimeTypeWrapper.read(TypeAdapterRuntimeTypeWrapper.java:40) ~[gson-2.10.jar:?]
	at com.google.gson.internal.bind.ArrayTypeAdapter.read(ArrayTypeAdapter.java:72) ~[gson-2.10.jar:?]
	at com.google.gson.Gson.fromJson(Gson.java:1214) ~[gson-2.10.jar:?]
	at com.google.gson.Gson.fromJson(Gson.java:1319) ~[gson-2.10.jar:?]
	at com.google.gson.Gson.fromJson(Gson.java:1290) ~[gson-2.10.jar:?]
	at com.google.gson.internal.bind.TreeTypeAdapter$GsonContextImpl.deserialize(TreeTypeAdapter.java:179) ~[gson-2.10.jar:?]
	at net.minecraft.class_3518.method_15291(class_3518.java:463) ~[server-intermediary.jar:?]
	at net.minecraft.class_3518.method_15283(class_3518.java:481) ~[server-intermediary.jar:?]
	at net.minecraft.class_52$class_54.method_340(class_52.java:250) ~[server-intermediary.jar:?]
	at net.minecraft.class_52$class_54.deserialize(class_52.java:246) ~[server-intermediary.jar:?]
	at com.google.gson.internal.bind.TreeTypeAdapter.read(TreeTypeAdapter.java:76) ~[gson-2.10.jar:?]
	at com.google.gson.Gson.fromJson(Gson.java:1214) ~[gson-2.10.jar:?]
	at com.google.gson.Gson.fromJson(Gson.java:1319) ~[gson-2.10.jar:?]
	at com.google.gson.Gson.fromJson(Gson.java:1261) ~[gson-2.10.jar:?]
	at net.minecraft.class_8490.method_51205(class_8490.java:64) ~[server-intermediary.jar:?]
	at net.minecraft.class_8490.method_51204(class_8490.java:48) ~[server-intermediary.jar:?]
	at net.minecraft.class_60.method_51195(class_60.java:55) ~[server-intermediary.jar:?]
	at java.util.HashMap.forEach(HashMap.java:1421) ~[?:?]
	at net.minecraft.class_60.method_51189(class_60.java:55) ~[server-intermediary.jar:?]
	at java.util.concurrent.CompletableFuture$AsyncRun.run(CompletableFuture.java:1804) ~[?:?]
	at java.util.concurrent.CompletableFuture$AsyncRun.exec(CompletableFuture.java:1796) ~[?:?]
	at java.util.concurrent.ForkJoinTask.doExec(ForkJoinTask.java:373) ~[?:?]
	at java.util.concurrent.ForkJoinPool$WorkQueue.topLevelExec(ForkJoinPool.java:1182) ~[?:?]
	at java.util.concurrent.ForkJoinPool.scan(ForkJoinPool.java:1655) ~[?:?]
	at java.util.concurrent.ForkJoinPool.runWorker(ForkJoinPool.java:1622) ~[?:?]
	at java.util.concurrent.ForkJoinWorkerThread.run(ForkJoinWorkerThread.java:165) ~[?:?]
[06:36:15] [Worker-Main-3/ERROR]: Couldn't parse element loot_tables:hauntedharvest:blocks/soul_jack_o_lantern
com.google.gson.JsonSyntaxException: Expected name to be an item, was unknown string 'hauntedharvest:soul_jack_o_lantern'
	at net.minecraft.class_3518.method_17995(class_3518.java:145) ~[server-intermediary.jar:?]
	at java.util.Optional.orElseThrow(Optional.java:403) ~[?:?]
	at net.minecraft.class_3518.method_15256(class_3518.java:145) ~[server-intermediary.jar:?]
	at net.minecraft.class_3518.method_15288(class_3518.java:153) ~[server-intermediary.jar:?]
	at net.minecraft.class_77$class_78.method_413(class_77.java:55) ~[server-intermediary.jar:?]
	at net.minecraft.class_77$class_78.method_443(class_77.java:40) ~[server-intermediary.jar:?]
	at net.minecraft.class_85$class_90.method_441(class_85.java:151) ~[server-intermediary.jar:?]
	at net.minecraft.class_85$class_90.method_424(class_85.java:129) ~[server-intermediary.jar:?]
	at net.minecraft.class_79$class_5337.method_29319(class_79.java:86) ~[server-intermediary.jar:?]
	at net.minecraft.class_79$class_5337.method_517(class_79.java:74) ~[server-intermediary.jar:?]
	at net.minecraft.class_5330$class_5333.deserialize(class_5330.java:102) ~[server-intermediary.jar:?]
	at com.google.gson.internal.bind.TreeTypeAdapter.read(TreeTypeAdapter.java:76) ~[gson-2.10.jar:?]
	at com.google.gson.internal.bind.TypeAdapterRuntimeTypeWrapper.read(TypeAdapterRuntimeTypeWrapper.java:40) ~[gson-2.10.jar:?]
	at com.google.gson.internal.bind.ArrayTypeAdapter.read(ArrayTypeAdapter.java:72) ~[gson-2.10.jar:?]
	at com.google.gson.Gson.fromJson(Gson.java:1214) ~[gson-2.10.jar:?]
	at com.google.gson.Gson.fromJson(Gson.java:1319) ~[gson-2.10.jar:?]
	at com.google.gson.Gson.fromJson(Gson.java:1290) ~[gson-2.10.jar:?]
	at com.google.gson.internal.bind.TreeTypeAdapter$GsonContextImpl.deserialize(TreeTypeAdapter.java:179) ~[gson-2.10.jar:?]
	at net.minecraft.class_3518.method_15291(class_3518.java:463) ~[server-intermediary.jar:?]
	at net.minecraft.class_3518.method_15272(class_3518.java:471) ~[server-intermediary.jar:?]
	at net.minecraft.class_55$class_57.method_358(class_55.java:173) ~[server-intermediary.jar:?]
	at net.minecraft.class_55$class_57.deserialize(class_55.java:169) ~[server-intermediary.jar:?]
	at com.google.gson.internal.bind.TreeTypeAdapter.read(TreeTypeAdapter.java:76) ~[gson-2.10.jar:?]
	at com.google.gson.internal.bind.TypeAdapterRuntimeTypeWrapper.read(TypeAdapterRuntimeTypeWrapper.java:40) ~[gson-2.10.jar:?]
	at com.google.gson.internal.bind.ArrayTypeAdapter.read(ArrayTypeAdapter.java:72) ~[gson-2.10.jar:?]
	at com.google.gson.Gson.fromJson(Gson.java:1214) ~[gson-2.10.jar:?]
	at com.google.gson.Gson.fromJson(Gson.java:1319) ~[gson-2.10.jar:?]
	at com.google.gson.Gson.fromJson(Gson.java:1290) ~[gson-2.10.jar:?]
	at com.google.gson.internal.bind.TreeTypeAdapter$GsonContextImpl.deserialize(TreeTypeAdapter.java:179) ~[gson-2.10.jar:?]
	at net.minecraft.class_3518.method_15291(class_3518.java:463) ~[server-intermediary.jar:?]
	at net.minecraft.class_3518.method_15283(class_3518.java:481) ~[server-intermediary.jar:?]
	at net.minecraft.class_52$class_54.method_340(class_52.java:250) ~[server-intermediary.jar:?]
	at net.minecraft.class_52$class_54.deserialize(class_52.java:246) ~[server-intermediary.jar:?]
	at com.google.gson.internal.bind.TreeTypeAdapter.read(TreeTypeAdapter.java:76) ~[gson-2.10.jar:?]
	at com.google.gson.Gson.fromJson(Gson.java:1214) ~[gson-2.10.jar:?]
	at com.google.gson.Gson.fromJson(Gson.java:1319) ~[gson-2.10.jar:?]
	at com.google.gson.Gson.fromJson(Gson.java:1261) ~[gson-2.10.jar:?]
	at net.minecraft.class_8490.method_51205(class_8490.java:64) ~[server-intermediary.jar:?]
	at net.minecraft.class_8490.method_51204(class_8490.java:48) ~[server-intermediary.jar:?]
	at net.minecraft.class_60.method_51195(class_60.java:55) ~[server-intermediary.jar:?]
	at java.util.HashMap.forEach(HashMap.java:1421) ~[?:?]
	at net.minecraft.class_60.method_51189(class_60.java:55) ~[server-intermediary.jar:?]
	at java.util.concurrent.CompletableFuture$AsyncRun.run(CompletableFuture.java:1804) ~[?:?]
	at java.util.concurrent.CompletableFuture$AsyncRun.exec(CompletableFuture.java:1796) ~[?:?]
	at java.util.concurrent.ForkJoinTask.doExec(ForkJoinTask.java:373) ~[?:?]
	at java.util.concurrent.ForkJoinPool$WorkQueue.topLevelExec(ForkJoinPool.java:1182) ~[?:?]
	at java.util.concurrent.ForkJoinPool.scan(ForkJoinPool.java:1655) ~[?:?]
	at java.util.concurrent.ForkJoinPool.runWorker(ForkJoinPool.java:1622) ~[?:?]
	at java.util.concurrent.ForkJoinWorkerThread.run(ForkJoinWorkerThread.java:165) ~[?:?]
[06:36:15] [Worker-Main-3/ERROR]: Couldn't parse element loot_tables:hauntedharvest:blocks/redstone_jack_o_lantern
com.google.gson.JsonSyntaxException: Expected name to be an item, was unknown string 'hauntedharvest:redstone_jack_o_lantern'
	at net.minecraft.class_3518.method_17995(class_3518.java:145) ~[server-intermediary.jar:?]
	at java.util.Optional.orElseThrow(Optional.java:403) ~[?:?]
	at net.minecraft.class_3518.method_15256(class_3518.java:145) ~[server-intermediary.jar:?]
	at net.minecraft.class_3518.method_15288(class_3518.java:153) ~[server-intermediary.jar:?]
	at net.minecraft.class_77$class_78.method_413(class_77.java:55) ~[server-intermediary.jar:?]
	at net.minecraft.class_77$class_78.method_443(class_77.java:40) ~[server-intermediary.jar:?]
	at net.minecraft.class_85$class_90.method_441(class_85.java:151) ~[server-intermediary.jar:?]
	at net.minecraft.class_85$class_90.method_424(class_85.java:129) ~[server-intermediary.jar:?]
	at net.minecraft.class_79$class_5337.method_29319(class_79.java:86) ~[server-intermediary.jar:?]
	at net.minecraft.class_79$class_5337.method_517(class_79.java:74) ~[server-intermediary.jar:?]
	at net.minecraft.class_5330$class_5333.deserialize(class_5330.java:102) ~[server-intermediary.jar:?]
	at com.google.gson.internal.bind.TreeTypeAdapter.read(TreeTypeAdapter.java:76) ~[gson-2.10.jar:?]
	at com.google.gson.internal.bind.TypeAdapterRuntimeTypeWrapper.read(TypeAdapterRuntimeTypeWrapper.java:40) ~[gson-2.10.jar:?]
	at com.google.gson.internal.bind.ArrayTypeAdapter.read(ArrayTypeAdapter.java:72) ~[gson-2.10.jar:?]
	at com.google.gson.Gson.fromJson(Gson.java:1214) ~[gson-2.10.jar:?]
	at com.google.gson.Gson.fromJson(Gson.java:1319) ~[gson-2.10.jar:?]
	at com.google.gson.Gson.fromJson(Gson.java:1290) ~[gson-2.10.jar:?]
	at com.google.gson.internal.bind.TreeTypeAdapter$GsonContextImpl.deserialize(TreeTypeAdapter.java:179) ~[gson-2.10.jar:?]
	at net.minecraft.class_3518.method_15291(class_3518.java:463) ~[server-intermediary.jar:?]
	at net.minecraft.class_3518.method_15272(class_3518.java:471) ~[server-intermediary.jar:?]
	at net.minecraft.class_55$class_57.method_358(class_55.java:173) ~[server-intermediary.jar:?]
	at net.minecraft.class_55$class_57.deserialize(class_55.java:169) ~[server-intermediary.jar:?]
	at com.google.gson.internal.bind.TreeTypeAdapter.read(TreeTypeAdapter.java:76) ~[gson-2.10.jar:?]
	at com.google.gson.internal.bind.TypeAdapterRuntimeTypeWrapper.read(TypeAdapterRuntimeTypeWrapper.java:40) ~[gson-2.10.jar:?]
	at com.google.gson.internal.bind.ArrayTypeAdapter.read(ArrayTypeAdapter.java:72) ~[gson-2.10.jar:?]
	at com.google.gson.Gson.fromJson(Gson.java:1214) ~[gson-2.10.jar:?]
	at com.google.gson.Gson.fromJson(Gson.java:1319) ~[gson-2.10.jar:?]
	at com.google.gson.Gson.fromJson(Gson.java:1290) ~[gson-2.10.jar:?]
	at com.google.gson.internal.bind.TreeTypeAdapter$GsonContextImpl.deserialize(TreeTypeAdapter.java:179) ~[gson-2.10.jar:?]
	at net.minecraft.class_3518.method_15291(class_3518.java:463) ~[server-intermediary.jar:?]
	at net.minecraft.class_3518.method_15283(class_3518.java:481) ~[server-intermediary.jar:?]
	at net.minecraft.class_52$class_54.method_340(class_52.java:250) ~[server-intermediary.jar:?]
	at net.minecraft.class_52$class_54.deserialize(class_52.java:246) ~[server-intermediary.jar:?]
	at com.google.gson.internal.bind.TreeTypeAdapter.read(TreeTypeAdapter.java:76) ~[gson-2.10.jar:?]
	at com.google.gson.Gson.fromJson(Gson.java:1214) ~[gson-2.10.jar:?]
	at com.google.gson.Gson.fromJson(Gson.java:1319) ~[gson-2.10.jar:?]
	at com.google.gson.Gson.fromJson(Gson.java:1261) ~[gson-2.10.jar:?]
	at net.minecraft.class_8490.method_51205(class_8490.java:64) ~[server-intermediary.jar:?]
	at net.minecraft.class_8490.method_51204(class_8490.java:48) ~[server-intermediary.jar:?]
	at net.minecraft.class_60.method_51195(class_60.java:55) ~[server-intermediary.jar:?]
	at java.util.HashMap.forEach(HashMap.java:1421) ~[?:?]
	at net.minecraft.class_60.method_51189(class_60.java:55) ~[server-intermediary.jar:?]
	at java.util.concurrent.CompletableFuture$AsyncRun.run(CompletableFuture.java:1804) ~[?:?]
	at java.util.concurrent.CompletableFuture$AsyncRun.exec(CompletableFuture.java:1796) ~[?:?]
	at java.util.concurrent.ForkJoinTask.doExec(ForkJoinTask.java:373) ~[?:?]
	at java.util.concurrent.ForkJoinPool$WorkQueue.topLevelExec(ForkJoinPool.java:1182) ~[?:?]
	at java.util.concurrent.ForkJoinPool.scan(ForkJoinPool.java:1655) ~[?:?]
	at java.util.concurrent.ForkJoinPool.runWorker(ForkJoinPool.java:1622) ~[?:?]
	at java.util.concurrent.ForkJoinWorkerThread.run(ForkJoinWorkerThread.java:165) ~[?:?]
[06:36:15] [Worker-Main-3/ERROR]: Couldn't parse element loot_tables:hauntedharvest:blocks/ender_jack_o_lantern
com.google.gson.JsonSyntaxException: Expected name to be an item, was unknown string 'hauntedharvest:ender_jack_o_lantern'
	at net.minecraft.class_3518.method_17995(class_3518.java:145) ~[server-intermediary.jar:?]
	at java.util.Optional.orElseThrow(Optional.java:403) ~[?:?]
	at net.minecraft.class_3518.method_15256(class_3518.java:145) ~[server-intermediary.jar:?]
	at net.minecraft.class_3518.method_15288(class_3518.java:153) ~[server-intermediary.jar:?]
	at net.minecraft.class_77$class_78.method_413(class_77.java:55) ~[server-intermediary.jar:?]
	at net.minecraft.class_77$class_78.method_443(class_77.java:40) ~[server-intermediary.jar:?]
	at net.minecraft.class_85$class_90.method_441(class_85.java:151) ~[server-intermediary.jar:?]
	at net.minecraft.class_85$class_90.method_424(class_85.java:129) ~[server-intermediary.jar:?]
	at net.minecraft.class_79$class_5337.method_29319(class_79.java:86) ~[server-intermediary.jar:?]
	at net.minecraft.class_79$class_5337.method_517(class_79.java:74) ~[server-intermediary.jar:?]
	at net.minecraft.class_5330$class_5333.deserialize(class_5330.java:102) ~[server-intermediary.jar:?]
	at com.google.gson.internal.bind.TreeTypeAdapter.read(TreeTypeAdapter.java:76) ~[gson-2.10.jar:?]
	at com.google.gson.internal.bind.TypeAdapterRuntimeTypeWrapper.read(TypeAdapterRuntimeTypeWrapper.java:40) ~[gson-2.10.jar:?]
	at com.google.gson.internal.bind.ArrayTypeAdapter.read(ArrayTypeAdapter.java:72) ~[gson-2.10.jar:?]
	at com.google.gson.Gson.fromJson(Gson.java:1214) ~[gson-2.10.jar:?]
	at com.google.gson.Gson.fromJson(Gson.java:1319) ~[gson-2.10.jar:?]
	at com.google.gson.Gson.fromJson(Gson.java:1290) ~[gson-2.10.jar:?]
	at com.google.gson.internal.bind.TreeTypeAdapter$GsonContextImpl.deserialize(TreeTypeAdapter.java:179) ~[gson-2.10.jar:?]
	at net.minecraft.class_3518.method_15291(class_3518.java:463) ~[server-intermediary.jar:?]
	at net.minecraft.class_3518.method_15272(class_3518.java:471) ~[server-intermediary.jar:?]
	at net.minecraft.class_55$class_57.method_358(class_55.java:173) ~[server-intermediary.jar:?]
	at net.minecraft.class_55$class_57.deserialize(class_55.java:169) ~[server-intermediary.jar:?]
	at com.google.gson.internal.bind.TreeTypeAdapter.read(TreeTypeAdapter.java:76) ~[gson-2.10.jar:?]
	at com.google.gson.internal.bind.TypeAdapterRuntimeTypeWrapper.read(TypeAdapterRuntimeTypeWrapper.java:40) ~[gson-2.10.jar:?]
	at com.google.gson.internal.bind.ArrayTypeAdapter.read(ArrayTypeAdapter.java:72) ~[gson-2.10.jar:?]
	at com.google.gson.Gson.fromJson(Gson.java:1214) ~[gson-2.10.jar:?]
	at com.google.gson.Gson.fromJson(Gson.java:1319) ~[gson-2.10.jar:?]
	at com.google.gson.Gson.fromJson(Gson.java:1290) ~[gson-2.10.jar:?]
	at com.google.gson.internal.bind.TreeTypeAdapter$GsonContextImpl.deserialize(TreeTypeAdapter.java:179) ~[gson-2.10.jar:?]
	at net.minecraft.class_3518.method_15291(class_3518.java:463) ~[server-intermediary.jar:?]
	at net.minecraft.class_3518.method_15283(class_3518.java:481) ~[server-intermediary.jar:?]
	at net.minecraft.class_52$class_54.method_340(class_52.java:250) ~[server-intermediary.jar:?]
	at net.minecraft.class_52$class_54.deserialize(class_52.java:246) ~[server-intermediary.jar:?]
	at com.google.gson.internal.bind.TreeTypeAdapter.read(TreeTypeAdapter.java:76) ~[gson-2.10.jar:?]
	at com.google.gson.Gson.fromJson(Gson.java:1214) ~[gson-2.10.jar:?]
	at com.google.gson.Gson.fromJson(Gson.java:1319) ~[gson-2.10.jar:?]
	at com.google.gson.Gson.fromJson(Gson.java:1261) ~[gson-2.10.jar:?]
	at net.minecraft.class_8490.method_51205(class_8490.java:64) ~[server-intermediary.jar:?]
	at net.minecraft.class_8490.method_51204(class_8490.java:48) ~[server-intermediary.jar:?]
	at net.minecraft.class_60.method_51195(class_60.java:55) ~[server-intermediary.jar:?]
	at java.util.HashMap.forEach(HashMap.java:1421) ~[?:?]
	at net.minecraft.class_60.method_51189(class_60.java:55) ~[server-intermediary.jar:?]
	at java.util.concurrent.CompletableFuture$AsyncRun.run(CompletableFuture.java:1804) ~[?:?]
	at java.util.concurrent.CompletableFuture$AsyncRun.exec(CompletableFuture.java:1796) ~[?:?]
	at java.util.concurrent.ForkJoinTask.doExec(ForkJoinTask.java:373) ~[?:?]
	at java.util.concurrent.ForkJoinPool$WorkQueue.topLevelExec(ForkJoinPool.java:1182) ~[?:?]
	at java.util.concurrent.ForkJoinPool.scan(ForkJoinPool.java:1655) ~[?:?]
	at java.util.concurrent.ForkJoinPool.runWorker(ForkJoinPool.java:1622) ~[?:?]
	at java.util.concurrent.ForkJoinWorkerThread.run(ForkJoinWorkerThread.java:165) ~[?:?]
[06:36:16] [main/WARN]: Found loot table element validation problem in {loot_tables:kattersstructures:chests/jungle/disco}.pools[2].entries[0]->{kattersstructures:automaticons/all_automaticons}.pools[0].entries[4]: Unknown loot table called automaticons:mob_automaticons
[06:36:16] [main/WARN]: Found loot table element validation problem in {loot_tables:kattersstructures:chests/villager/ocean}.pools[2].entries[0]->{kattersstructures:automaticons/all_automaticons}.pools[0].entries[9]: Unknown loot table called automaticons:wood_automaticons
[06:36:16] [main/WARN]: Found loot table element validation problem in {loot_tables:kattersstructures:chests/sky/temple}.pools[1].entries[0]->{kattersstructures:automaticons/all_automaticons}.pools[0].entries[3]: Unknown loot table called automaticons:misc_automaticons
[06:36:16] [main/WARN]: Found loot table element validation problem in {loot_tables:kattersstructures:chests/villager/ocean}.pools[2].entries[0]->{kattersstructures:automaticons/all_automaticons}.pools[0].entries[1]: Unknown loot table called automaticons:flower_automaticons
[06:36:16] [main/WARN]: Found loot table element validation problem in {loot_tables:kattersstructures:chests/villager/desert}.pools[2].entries[0]->{kattersstructures:automaticons/all_automaticons}.pools[0].entries[9]: Unknown loot table called automaticons:wood_automaticons
[06:36:16] [main/WARN]: Found loot table element validation problem in {loot_tables:kattersstructures:chests/villager/mountain}.pools[2].entries[0]->{kattersstructures:automaticons/all_automaticons}.pools[0].entries[4]: Unknown loot table called automaticons:mob_automaticons
[06:36:16] [main/WARN]: Found loot table element validation problem in {loot_tables:kattersstructures:chests/pagode}.pools[1].entries[0]->{kattersstructures:automaticons/all_automaticons}.pools[0].entries[0]: Unknown loot table called automaticons:dirt_automaticons
[06:36:16] [main/WARN]: Found loot table element validation problem in {loot_tables:kattersstructures:automaticons/all_automaticons}.pools[0].entries[4]: Unknown loot table called automaticons:mob_automaticons
[06:36:16] [main/WARN]: Found loot table element validation problem in {loot_tables:kattersstructures:chests/ocean/lighthouse}.pools[1].entries[0]->{kattersstructures:automaticons/all_automaticons}.pools[0].entries[6]: Unknown loot table called automaticons:ocean_automaticons
[06:36:16] [main/WARN]: Found loot table element validation problem in {loot_tables:kattersstructures:chests/underground/treasures}.pools[1].entries[0]->{kattersstructures:automaticons/all_automaticons}.pools[0].entries[8]: Unknown loot table called automaticons:stone_automaticons
[06:36:16] [main/WARN]: Found loot table element validation problem in {loot_tables:kattersstructures:chests/swamp/big_stem}.pools[1].entries[0]->{kattersstructures:automaticons/all_automaticons}.pools[0].entries[7]: Unknown loot table called automaticons:ore_automaticons
[06:36:16] [main/WARN]: Found loot table element validation problem in {loot_tables:kattersstructures:chests/villager/desert}.pools[2].entries[0]->{kattersstructures:automaticons/all_automaticons}.pools[0].entries[1]: Unknown loot table called automaticons:flower_automaticons
[06:36:16] [main/WARN]: Found loot table element validation problem in {loot_tables:kattersstructures:chests/pagode}.pools[1].entries[0]->{kattersstructures:automaticons/all_automaticons}.pools[0].entries[8]: Unknown loot table called automaticons:stone_automaticons
[06:36:16] [main/WARN]: Found loot table element validation problem in {loot_tables:kattersstructures:chests/jungle/disco}.pools[2].entries[0]->{kattersstructures:automaticons/all_automaticons}.pools[0].entries[3]: Unknown loot table called automaticons:misc_automaticons
[06:36:16] [main/WARN]: Found loot table element validation problem in {loot_tables:kattersstructures:chests/underground/treasures}.pools[1].entries[0]->{kattersstructures:automaticons/all_automaticons}.pools[0].entries[0]: Unknown loot table called automaticons:dirt_automaticons
[06:36:16] [main/WARN]: Found loot table element validation problem in {loot_tables:kattersstructures:chests/sky/temple}.pools[1].entries[0]->{kattersstructures:automaticons/all_automaticons}.pools[0].entries[2]: Unknown loot table called automaticons:food_automaticons
[06:36:16] [main/WARN]: Found loot table element validation problem in {loot_tables:kattersstructures:chests/villager/desert}.pools[2].entries[0]->{kattersstructures:automaticons/all_automaticons}.pools[0].entries[8]: Unknown loot table called automaticons:stone_automaticons
[06:36:16] [main/WARN]: Found loot table element validation problem in {loot_tables:kattersstructures:chests/villager/ocean}.pools[2].entries[0]->{kattersstructures:automaticons/all_automaticons}.pools[0].entries[2]: Unknown loot table called automaticons:food_automaticons
[06:36:16] [main/WARN]: Found loot table element validation problem in {loot_tables:kattersstructures:chests/villager/mountain}.pools[2].entries[0]->{kattersstructures:automaticons/all_automaticons}.pools[0].entries[3]: Unknown loot table called automaticons:misc_automaticons
[06:36:16] [main/WARN]: Found loot table element validation problem in {loot_tables:kattersstructures:chests/underground/treasures}.pools[1].entries[0]->{kattersstructures:automaticons/all_automaticons}.pools[0].entries[9]: Unknown loot table called automaticons:wood_automaticons
[06:36:16] [main/WARN]: Found loot table element validation problem in {loot_tables:kattersstructures:chests/ocean/lighthouse}.pools[1].entries[0]->{kattersstructures:automaticons/all_automaticons}.pools[0].entries[7]: Unknown loot table called automaticons:ore_automaticons
[06:36:16] [main/WARN]: Found loot table element validation problem in {loot_tables:kattersstructures:chests/swamp/big_stem}.pools[1].entries[0]->{kattersstructures:automaticons/all_automaticons}.pools[0].entries[6]: Unknown loot table called automaticons:ocean_automaticons
[06:36:16] [main/WARN]: Found loot table element validation problem in {loot_tables:kattersstructures:chests/villager/desert}.pools[2].entries[0]->{kattersstructures:automaticons/all_automaticons}.pools[0].entries[0]: Unknown loot table called automaticons:dirt_automaticons
[06:36:16] [main/WARN]: Found loot table element validation problem in {loot_tables:kattersstructures:automaticons/all_automaticons}.pools[0].entries[5]: Unknown loot table called automaticons:nether_automaticons
[06:36:16] [main/WARN]: Found loot table element validation problem in {loot_tables:kattersstructures:chests/underground/treasures}.pools[1].entries[0]->{kattersstructures:automaticons/all_automaticons}.pools[0].entries[1]: Unknown loot table called automaticons:flower_automaticons
[06:36:16] [main/WARN]: Found loot table element validation problem in {loot_tables:kattersstructures:chests/pagode}.pools[1].entries[0]->{kattersstructures:automaticons/all_automaticons}.pools[0].entries[7]: Unknown loot table called automaticons:ore_automaticons
[06:36:16] [main/WARN]: Found loot table element validation problem in {loot_tables:kattersstructures:chests/sky/temple}.pools[1].entries[0]->{kattersstructures:automaticons/all_automaticons}.pools[0].entries[9]: Unknown loot table called automaticons:wood_automaticons
[06:36:16] [main/WARN]: Found loot table element validation problem in {loot_tables:kattersstructures:chests/jungle/disco}.pools[2].entries[0]->{kattersstructures:automaticons/all_automaticons}.pools[0].entries[6]: Unknown loot table called automaticons:ocean_automaticons
[06:36:16] [main/WARN]: Found loot table element validation problem in {loot_tables:kattersstructures:chests/sky/temple}.pools[1].entries[0]->{kattersstructures:automaticons/all_automaticons}.pools[0].entries[1]: Unknown loot table called automaticons:flower_automaticons
[06:36:16] [main/WARN]: Found loot table element validation problem in {loot_tables:kattersstructures:chests/villager/ocean}.pools[2].entries[0]->{kattersstructures:automaticons/all_automaticons}.pools[0].entries[3]: Unknown loot table called automaticons:misc_automaticons
[06:36:16] [main/WARN]: Found loot table element validation problem in {loot_tables:kattersstructures:chests/villager/mountain}.pools[2].entries[0]->{kattersstructures:automaticons/all_automaticons}.pools[0].entries[6]: Unknown loot table called automaticons:ocean_automaticons
[06:36:16] [main/WARN]: Found loot table element validation problem in {loot_tables:kattersstructures:chests/villager/desert}.pools[2].entries[0]->{kattersstructures:automaticons/all_automaticons}.pools[0].entries[3]: Unknown loot table called automaticons:misc_automaticons
[06:36:16] [main/WARN]: Found loot table element validation problem in {loot_tables:kattersstructures:chests/pagode}.pools[1].entries[0]->{kattersstructures:automaticons/all_automaticons}.pools[0].entries[6]: Unknown loot table called automaticons:ocean_automaticons
[06:36:16] [main/WARN]: Found loot table element validation problem in {loot_tables:kattersstructures:automaticons/all_automaticons}.pools[0].entries[6]: Unknown loot table called automaticons:ocean_automaticons
[06:36:16] [main/WARN]: Found loot table element validation problem in {loot_tables:kattersstructures:chests/ocean/lighthouse}.pools[1].entries[0]->{kattersstructures:automaticons/all_automaticons}.pools[0].entries[4]: Unknown loot table called automaticons:mob_automaticons
[06:36:16] [main/WARN]: Found loot table element validation problem in {loot_tables:kattersstructures:chests/swamp/big_stem}.pools[1].entries[0]->{kattersstructures:automaticons/all_automaticons}.pools[0].entries[5]: Unknown loot table called automaticons:nether_automaticons
[06:36:16] [main/WARN]: Found loot table element validation problem in {loot_tables:kattersstructures:chests/underground/treasures}.pools[1].entries[0]->{kattersstructures:automaticons/all_automaticons}.pools[0].entries[2]: Unknown loot table called automaticons:food_automaticons
[06:36:16] [main/WARN]: Found loot table element validation problem in {loot_tables:kattersstructures:chests/sky/temple}.pools[1].entries[0]->{kattersstructures:automaticons/all_automaticons}.pools[0].entries[8]: Unknown loot table called automaticons:stone_automaticons
[06:36:16] [main/WARN]: Found loot table element validation problem in {loot_tables:kattersstructures:chests/jungle/disco}.pools[2].entries[0]->{kattersstructures:automaticons/all_automaticons}.pools[0].entries[5]: Unknown loot table called automaticons:nether_automaticons
[06:36:16] [main/WARN]: Found loot table element validation problem in {loot_tables:kattersstructures:chests/sky/temple}.pools[1].entries[0]->{kattersstructures:automaticons/all_automaticons}.pools[0].entries[0]: Unknown loot table called automaticons:dirt_automaticons
[06:36:16] [main/WARN]: Found loot table element validation problem in {loot_tables:kattersstructures:chests/villager/ocean}.pools[2].entries[0]->{kattersstructures:automaticons/all_automaticons}.pools[0].entries[4]: Unknown loot table called automaticons:mob_automaticons
[06:36:16] [main/WARN]: Found loot table element validation problem in {loot_tables:kattersstructures:chests/villager/mountain}.pools[2].entries[0]->{kattersstructures:automaticons/all_automaticons}.pools[0].entries[5]: Unknown loot table called automaticons:nether_automaticons
[06:36:16] [main/WARN]: Found loot table element validation problem in {loot_tables:kattersstructures:chests/villager/desert}.pools[2].entries[0]->{kattersstructures:automaticons/all_automaticons}.pools[0].entries[2]: Unknown loot table called automaticons:food_automaticons
[06:36:16] [main/WARN]: Found loot table element validation problem in {loot_tables:kattersstructures:chests/pagode}.pools[1].entries[0]->{kattersstructures:automaticons/all_automaticons}.pools[0].entries[5]: Unknown loot table called automaticons:nether_automaticons
[06:36:16] [main/WARN]: Found loot table element validation problem in {loot_tables:kattersstructures:chests/ocean/lighthouse}.pools[1].entries[0]->{kattersstructures:automaticons/all_automaticons}.pools[0].entries[5]: Unknown loot table called automaticons:nether_automaticons
[06:36:16] [main/WARN]: Found loot table element validation problem in {loot_tables:kattersstructures:chests/swamp/big_stem}.pools[1].entries[0]->{kattersstructures:automaticons/all_automaticons}.pools[0].entries[4]: Unknown loot table called automaticons:mob_automaticons
[06:36:16] [main/WARN]: Found loot table element validation problem in {loot_tables:kattersstructures:chests/underground/treasures}.pools[1].entries[0]->{kattersstructures:automaticons/all_automaticons}.pools[0].entries[3]: Unknown loot table called automaticons:misc_automaticons
[06:36:16] [main/WARN]: Found loot table element validation problem in {loot_tables:kattersstructures:automaticons/all_automaticons}.pools[0].entries[7]: Unknown loot table called automaticons:ore_automaticons
[06:36:16] [main/WARN]: Found loot table element validation problem in {loot_tables:kattersstructures:chests/jungle/disco}.pools[2].entries[0]->{kattersstructures:automaticons/all_automaticons}.pools[0].entries[0]: Unknown loot table called automaticons:dirt_automaticons
[06:36:16] [main/WARN]: Found loot table element validation problem in {loot_tables:kattersstructures:chests/sky/temple}.pools[1].entries[0]->{kattersstructures:automaticons/all_automaticons}.pools[0].entries[7]: Unknown loot table called automaticons:ore_automaticons
[06:36:16] [main/WARN]: Found loot table element validation problem in {loot_tables:kattersstructures:chests/villager/ocean}.pools[2].entries[0]->{kattersstructures:automaticons/all_automaticons}.pools[0].entries[5]: Unknown loot table called automaticons:nether_automaticons
[06:36:16] [main/WARN]: Found loot table element validation problem in {loot_tables:kattersstructures:chests/villager/mountain}.pools[2].entries[0]->{kattersstructures:automaticons/all_automaticons}.pools[0].entries[8]: Unknown loot table called automaticons:stone_automaticons
[06:36:16] [main/WARN]: Found loot table element validation problem in {loot_tables:kattersstructures:automaticons/all_automaticons}.pools[0].entries[0]: Unknown loot table called automaticons:dirt_automaticons
[06:36:16] [main/WARN]: Found loot table element validation problem in {loot_tables:kattersstructures:chests/ocean/lighthouse}.pools[1].entries[0]->{kattersstructures:automaticons/all_automaticons}.pools[0].entries[2]: Unknown loot table called automaticons:food_automaticons
[06:36:16] [main/WARN]: Found loot table element validation problem in {loot_tables:kattersstructures:chests/villager/desert}.pools[2].entries[0]->{kattersstructures:automaticons/all_automaticons}.pools[0].entries[5]: Unknown loot table called automaticons:nether_automaticons
[06:36:16] [main/WARN]: Found loot table element validation problem in {loot_tables:kattersstructures:chests/pagode}.pools[1].entries[0]->{kattersstructures:automaticons/all_automaticons}.pools[0].entries[4]: Unknown loot table called automaticons:mob_automaticons
[06:36:16] [main/WARN]: Found loot table element validation problem in {loot_tables:kattersstructures:chests/jungle/disco}.pools[2].entries[0]->{kattersstructures:automaticons/all_automaticons}.pools[0].entries[9]: Unknown loot table called automaticons:wood_automaticons
[06:36:16] [main/WARN]: Found loot table element validation problem in {loot_tables:kattersstructures:automaticons/all_automaticons}.pools[0].entries[8]: Unknown loot table called automaticons:stone_automaticons
[06:36:16] [main/WARN]: Found loot table element validation problem in {loot_tables:kattersstructures:chests/underground/treasures}.pools[1].entries[0]->{kattersstructures:automaticons/all_automaticons}.pools[0].entries[4]: Unknown loot table called automaticons:mob_automaticons
[06:36:16] [main/WARN]: Found loot table element validation problem in {loot_tables:kattersstructures:chests/swamp/big_stem}.pools[1].entries[0]->{kattersstructures:automaticons/all_automaticons}.pools[0].entries[3]: Unknown loot table called automaticons:misc_automaticons
[06:36:16] [main/WARN]: Found loot table element validation problem in {loot_tables:kattersstructures:chests/jungle/disco}.pools[2].entries[0]->{kattersstructures:automaticons/all_automaticons}.pools[0].entries[7]: Unknown loot table called automaticons:ore_automaticons
[06:36:16] [main/WARN]: Found loot table element validation problem in {loot_tables:kattersstructures:chests/sky/temple}.pools[1].entries[0]->{kattersstructures:automaticons/all_automaticons}.pools[0].entries[6]: Unknown loot table called automaticons:ocean_automaticons
[06:36:16] [main/WARN]: Found loot table element validation problem in {loot_tables:kattersstructures:chests/villager/ocean}.pools[2].entries[0]->{kattersstructures:automaticons/all_automaticons}.pools[0].entries[6]: Unknown loot table called automaticons:ocean_automaticons
[06:36:16] [main/WARN]: Found loot table element validation problem in {loot_tables:kattersstructures:chests/villager/mountain}.pools[2].entries[0]->{kattersstructures:automaticons/all_automaticons}.pools[0].entries[7]: Unknown loot table called automaticons:ore_automaticons
[06:36:16] [main/WARN]: Found loot table element validation problem in {loot_tables:kattersstructures:chests/ocean/lighthouse}.pools[1].entries[0]->{kattersstructures:automaticons/all_automaticons}.pools[0].entries[3]: Unknown loot table called automaticons:misc_automaticons
[06:36:16] [main/WARN]: Found loot table element validation problem in {loot_tables:kattersstructures:chests/villager/desert}.pools[2].entries[0]->{kattersstructures:automaticons/all_automaticons}.pools[0].entries[4]: Unknown loot table called automaticons:mob_automaticons
[06:36:16] [main/WARN]: Found loot table element validation problem in {loot_tables:kattersstructures:automaticons/all_automaticons}.pools[0].entries[1]: Unknown loot table called automaticons:flower_automaticons
[06:36:16] [main/WARN]: Found loot table element validation problem in {loot_tables:kattersstructures:chests/jungle/disco}.pools[2].entries[0]->{kattersstructures:automaticons/all_automaticons}.pools[0].entries[8]: Unknown loot table called automaticons:stone_automaticons
[06:36:16] [main/WARN]: Found loot table element validation problem in {loot_tables:kattersstructures:chests/underground/treasures}.pools[1].entries[0]->{kattersstructures:automaticons/all_automaticons}.pools[0].entries[5]: Unknown loot table called automaticons:nether_automaticons
[06:36:16] [main/WARN]: Found loot table element validation problem in {loot_tables:kattersstructures:chests/pagode}.pools[1].entries[0]->{kattersstructures:automaticons/all_automaticons}.pools[0].entries[3]: Unknown loot table called automaticons:misc_automaticons
[06:36:16] [main/WARN]: Found loot table element validation problem in {loot_tables:kattersstructures:chests/swamp/big_stem}.pools[1].entries[0]->{kattersstructures:automaticons/all_automaticons}.pools[0].entries[2]: Unknown loot table called automaticons:food_automaticons
[06:36:16] [main/WARN]: Found loot table element validation problem in {loot_tables:kattersstructures:automaticons/all_automaticons}.pools[0].entries[9]: Unknown loot table called automaticons:wood_automaticons
[06:36:16] [main/WARN]: Found loot table element validation problem in {loot_tables:kattersstructures:chests/jungle/disco}.pools[2].entries[0]->{kattersstructures:automaticons/all_automaticons}.pools[0].entries[2]: Unknown loot table called automaticons:food_automaticons
[06:36:16] [main/WARN]: Found loot table element validation problem in {loot_tables:kattersstructures:chests/sky/temple}.pools[1].entries[0]->{kattersstructures:automaticons/all_automaticons}.pools[0].entries[5]: Unknown loot table called automaticons:nether_automaticons
[06:36:16] [main/WARN]: Found loot table element validation problem in {loot_tables:kattersstructures:chests/swamp/big_stem}.pools[1].entries[0]->{kattersstructures:automaticons/all_automaticons}.pools[0].entries[9]: Unknown loot table called automaticons:wood_automaticons
[06:36:16] [main/WARN]: Found loot table element validation problem in {loot_tables:kattersstructures:chests/villager/mountain}.pools[2].entries[0]->{kattersstructures:automaticons/all_automaticons}.pools[0].entries[1]: Unknown loot table called automaticons:flower_automaticons
[06:36:16] [main/WARN]: Found loot table element validation problem in {loot_tables:kattersstructures:chests/villager/ocean}.pools[2].entries[0]->{kattersstructures:automaticons/all_automaticons}.pools[0].entries[7]: Unknown loot table called automaticons:ore_automaticons
[06:36:16] [main/WARN]: Found loot table element validation problem in {loot_tables:kattersstructures:chests/villager/desert}.pools[2].entries[0]->{kattersstructures:automaticons/all_automaticons}.pools[0].entries[7]: Unknown loot table called automaticons:ore_automaticons
[06:36:16] [main/WARN]: Found loot table element validation problem in {loot_tables:kattersstructures:chests/pagode}.pools[1].entries[0]->{kattersstructures:automaticons/all_automaticons}.pools[0].entries[2]: Unknown loot table called automaticons:food_automaticons
[06:36:16] [main/WARN]: Found loot table element validation problem in {loot_tables:kattersstructures:automaticons/all_automaticons}.pools[0].entries[2]: Unknown loot table called automaticons:food_automaticons
[06:36:16] [main/WARN]: Found loot table element validation problem in {loot_tables:kattersstructures:chests/ocean/lighthouse}.pools[1].entries[0]->{kattersstructures:automaticons/all_automaticons}.pools[0].entries[0]: Unknown loot table called automaticons:dirt_automaticons
[06:36:16] [main/WARN]: Found loot table element validation problem in {loot_tables:kattersstructures:chests/villager/mountain}.pools[2].entries[0]->{kattersstructures:automaticons/all_automaticons}.pools[0].entries[2]: Unknown loot table called automaticons:food_automaticons
[06:36:16] [main/WARN]: Found loot table element validation problem in {loot_tables:kattersstructures:chests/underground/treasures}.pools[1].entries[0]->{kattersstructures:automaticons/all_automaticons}.pools[0].entries[6]: Unknown loot table called automaticons:ocean_automaticons
[06:36:16] [main/WARN]: Found loot table element validation problem in {loot_tables:kattersstructures:chests/ocean/lighthouse}.pools[1].entries[0]->{kattersstructures:automaticons/all_automaticons}.pools[0].entries[8]: Unknown loot table called automaticons:stone_automaticons
[06:36:16] [main/WARN]: Found loot table element validation problem in {loot_tables:kattersstructures:chests/swamp/big_stem}.pools[1].entries[0]->{kattersstructures:automaticons/all_automaticons}.pools[0].entries[1]: Unknown loot table called automaticons:flower_automaticons
[06:36:16] [main/WARN]: Found loot table element validation problem in {loot_tables:kattersstructures:chests/jungle/disco}.pools[2].entries[0]->{kattersstructures:automaticons/all_automaticons}.pools[0].entries[1]: Unknown loot table called automaticons:flower_automaticons
[06:36:16] [main/WARN]: Found loot table element validation problem in {loot_tables:kattersstructures:chests/sky/temple}.pools[1].entries[0]->{kattersstructures:automaticons/all_automaticons}.pools[0].entries[4]: Unknown loot table called automaticons:mob_automaticons
[06:36:16] [main/WARN]: Found loot table element validation problem in {loot_tables:kattersstructures:chests/swamp/big_stem}.pools[1].entries[0]->{kattersstructures:automaticons/all_automaticons}.pools[0].entries[8]: Unknown loot table called automaticons:stone_automaticons
[06:36:16] [main/WARN]: Found loot table element validation problem in {loot_tables:kattersstructures:chests/villager/mountain}.pools[2].entries[0]->{kattersstructures:automaticons/all_automaticons}.pools[0].entries[0]: Unknown loot table called automaticons:dirt_automaticons
[06:36:16] [main/WARN]: Found loot table element validation problem in {loot_tables:kattersstructures:chests/villager/ocean}.pools[2].entries[0]->{kattersstructures:automaticons/all_automaticons}.pools[0].entries[8]: Unknown loot table called automaticons:stone_automaticons
[06:36:16] [main/WARN]: Found loot table element validation problem in {loot_tables:kattersstructures:chests/villager/mountain}.pools[2].entries[0]->{kattersstructures:automaticons/all_automaticons}.pools[0].entries[9]: Unknown loot table called automaticons:wood_automaticons
[06:36:16] [main/WARN]: Found loot table element validation problem in {loot_tables:kattersstructures:chests/villager/desert}.pools[2].entries[0]->{kattersstructures:automaticons/all_automaticons}.pools[0].entries[6]: Unknown loot table called automaticons:ocean_automaticons
[06:36:16] [main/WARN]: Found loot table element validation problem in {loot_tables:kattersstructures:chests/pagode}.pools[1].entries[0]->{kattersstructures:automaticons/all_automaticons}.pools[0].entries[1]: Unknown loot table called automaticons:flower_automaticons
[06:36:16] [main/WARN]: Found loot table element validation problem in {loot_tables:kattersstructures:chests/villager/ocean}.pools[2].entries[0]->{kattersstructures:automaticons/all_automaticons}.pools[0].entries[0]: Unknown loot table called automaticons:dirt_automaticons
[06:36:16] [main/WARN]: Found loot table element validation problem in {loot_tables:kattersstructures:chests/ocean/lighthouse}.pools[1].entries[0]->{kattersstructures:automaticons/all_automaticons}.pools[0].entries[1]: Unknown loot table called automaticons:flower_automaticons
[06:36:16] [main/WARN]: Found loot table element validation problem in {loot_tables:kattersstructures:chests/underground/treasures}.pools[1].entries[0]->{kattersstructures:automaticons/all_automaticons}.pools[0].entries[7]: Unknown loot table called automaticons:ore_automaticons
[06:36:16] [main/WARN]: Found loot table element validation problem in {loot_tables:kattersstructures:automaticons/all_automaticons}.pools[0].entries[3]: Unknown loot table called automaticons:misc_automaticons
[06:36:16] [main/WARN]: Found loot table element validation problem in {loot_tables:kattersstructures:chests/pagode}.pools[1].entries[0]->{kattersstructures:automaticons/all_automaticons}.pools[0].entries[9]: Unknown loot table called automaticons:wood_automaticons
[06:36:16] [main/WARN]: Found loot table element validation problem in {loot_tables:kattersstructures:chests/ocean/lighthouse}.pools[1].entries[0]->{kattersstructures:automaticons/all_automaticons}.pools[0].entries[9]: Unknown loot table called automaticons:wood_automaticons
[06:36:16] [main/WARN]: Found loot table element validation problem in {loot_tables:kattersstructures:chests/swamp/big_stem}.pools[1].entries[0]->{kattersstructures:automaticons/all_automaticons}.pools[0].entries[0]: Unknown loot table called automaticons:dirt_automaticons
[06:36:16] [main/WARN]: Your custom createaddition:charging/exposed_cut_copper recipe (createaddition:charging/exposed_cut_copper) specified a duration. Durations have no impact on this type of recipe.
[06:36:16] [main/WARN]: Your custom createaddition:charging/cut_copper_block recipe (createaddition:charging/cut_copper_block) specified a duration. Durations have no impact on this type of recipe.
[06:36:16] [main/WARN]: Your custom createaddition:rolling/electrum_ingot recipe (createaddition:rolling/electrum_ingot) specified a duration. Durations have no impact on this type of recipe.
[06:36:16] [main/WARN]: Your custom createaddition:charging/exposed_cut_copper_slab recipe (createaddition:charging/exposed_cut_copper_slab) specified a duration. Durations have no impact on this type of recipe.
[06:36:16] [main/WARN]: Your custom createaddition:charging/channeling recipe (createaddition:charging/channeling) specified a duration. Durations have no impact on this type of recipe.
[06:36:16] [main/WARN]: Your custom createaddition:charging/weathered_copper_shingles recipe (createaddition:charging/weathered_copper_shingles) specified a duration. Durations have no impact on this type of recipe.
[06:36:16] [main/WARN]: Your custom createaddition:charging/weathered_copper_shingle_stairs recipe (createaddition:charging/weathered_copper_shingle_stairs) specified a duration. Durations have no impact on this type of recipe.
[06:36:16] [main/WARN]: Your custom createaddition:charging/cut_copper_slab recipe (createaddition:charging/cut_copper_slab) specified a duration. Durations have no impact on this type of recipe.
[06:36:16] [main/WARN]: Your custom createaddition:charging/weathered_cut_copper_stairs recipe (createaddition:charging/weathered_cut_copper_stairs) specified a duration. Durations have no impact on this type of recipe.
[06:36:16] [main/WARN]: Your custom createaddition:charging/exposed_copper recipe (createaddition:charging/exposed_copper) specified a duration. Durations have no impact on this type of recipe.
[06:36:16] [main/WARN]: Your custom createaddition:charging/exposed_cut_copper_stairs recipe (createaddition:charging/exposed_cut_copper_stairs) specified a duration. Durations have no impact on this type of recipe.
[06:36:16] [main/WARN]: Your custom createaddition:rolling/brass_ingot recipe (createaddition:rolling/brass_ingot) specified a duration. Durations have no impact on this type of recipe.
[06:36:16] [main/WARN]: Your custom createaddition:charging/copper_shingle_stairs recipe (createaddition:charging/copper_shingle_stairs) specified a duration. Durations have no impact on this type of recipe.
[06:36:16] [main/WARN]: Your custom createaddition:rolling/electrum_plate recipe (createaddition:rolling/electrum_plate) specified a duration. Durations have no impact on this type of recipe.
[06:36:16] [main/ERROR]: Parsing error loading recipe supplementaries:integration/lapis_bricks_fd
com.google.gson.JsonParseException: An ingredient entry needs either a tag or an item
	at net.minecraft.class_1856.method_8107(class_1856.java:167) ~[server-intermediary.jar:?]
	at net.minecraft.class_1856.method_8102(class_1856.java:143) ~[server-intermediary.jar:?]
	at net.minecraft.class_1856.method_52177(class_1856.java:135) ~[server-intermediary.jar:?]
	at vectorwing.farmersdelight.common.crafting.CuttingBoardRecipe$Serializer.fromJson(CuttingBoardRecipe.java:176) ~[FarmersDelight-1.20.1-2.4.1+refabricated.jar:?]
	at vectorwing.farmersdelight.common.crafting.CuttingBoardRecipe$Serializer.method_8121(CuttingBoardRecipe.java:166) ~[FarmersDelight-1.20.1-2.4.1+refabricated.jar:?]
	at net.minecraft.class_1863.method_17720(class_1863.java:135) ~[server-intermediary.jar:?]
	at net.minecraft.class_1863.method_20705(class_1863.java:56) ~[server-intermediary.jar:?]
	at net.minecraft.class_1863.method_18788(class_1863.java:35) ~[server-intermediary.jar:?]
	at net.minecraft.class_4080.method_18790(class_4080.java:13) ~[server-intermediary.jar:?]
	at java.util.concurrent.CompletableFuture$UniAccept.tryFire(CompletableFuture.java:718) ~[?:?]
	at java.util.concurrent.CompletableFuture$Completion.run(CompletableFuture.java:482) ~[?:?]
	at net.minecraft.class_4014.method_18365(class_4014.java:69) ~[server-intermediary.jar:?]
	at net.minecraft.class_156.method_43498(class_156.java:950) ~[server-intermediary.jar:?]
	at net.minecraft.class_156.method_43499(class_156.java:938) ~[server-intermediary.jar:?]
	at net.minecraft.server.Main.main(Main.java:160) ~[server-intermediary.jar:?]
	at net.fabricmc.loader.impl.game.minecraft.MinecraftGameProvider.launch(MinecraftGameProvider.java:514) ~[fabric-loader-0.18.1.jar:?]
	at net.fabricmc.loader.impl.launch.knot.Knot.launch(Knot.java:72) ~[fabric-loader-0.18.1.jar:?]
	at net.fabricmc.loader.impl.launch.knot.KnotServer.main(KnotServer.java:23) ~[fabric-loader-0.18.1.jar:?]
	at net.fabricmc.loader.impl.launch.server.FabricServerLauncher.main(FabricServerLauncher.java:69) ~[fabric-loader-0.18.1.jar:?]
	at net.fabricmc.installer.ServerLauncher.main(ServerLauncher.java:69) ~[fabric-server-launch.jar:1.0.1]
[06:36:16] [main/WARN]: Your custom createaddition:charging/exposed_copper_shingles recipe (createaddition:charging/exposed_copper_shingles) specified a duration. Durations have no impact on this type of recipe.
[06:36:16] [main/WARN]: Your custom createaddition:charging/weathered_cut_copper recipe (createaddition:charging/weathered_cut_copper) specified a duration. Durations have no impact on this type of recipe.
[06:36:16] [main/WARN]: Your custom createaddition:rolling/iron_ingot recipe (createaddition:rolling/iron_ingot) specified a duration. Durations have no impact on this type of recipe.
[06:36:16] [main/WARN]: Your custom createaddition:charging/cut_copper_stairs recipe (createaddition:charging/cut_copper_stairs) specified a duration. Durations have no impact on this type of recipe.
[06:36:16] [main/WARN]: Your custom createaddition:charging/copper_shingles recipe (createaddition:charging/copper_shingles) specified a duration. Durations have no impact on this type of recipe.
[06:36:16] [main/WARN]: Your custom createaddition:charging/copper_block recipe (createaddition:charging/copper_block) specified a duration. Durations have no impact on this type of recipe.
[06:36:16] [main/WARN]: Your custom createaddition:charging/copper_shingle_slab recipe (createaddition:charging/copper_shingle_slab) specified a duration. Durations have no impact on this type of recipe.
[06:36:16] [main/WARN]: Your custom createaddition:rolling/copper_ingot recipe (createaddition:rolling/copper_ingot) specified a duration. Durations have no impact on this type of recipe.
[06:36:16] [main/WARN]: Your custom createaddition:charging/weathered_cut_copper_slab recipe (createaddition:charging/weathered_cut_copper_slab) specified a duration. Durations have no impact on this type of recipe.
[06:36:16] [main/WARN]: Your custom createaddition:rolling/copper_plate recipe (createaddition:rolling/copper_plate) specified a duration. Durations have no impact on this type of recipe.
[06:36:16] [main/WARN]: Your custom createaddition:rolling/iron_plate recipe (createaddition:rolling/iron_plate) specified a duration. Durations have no impact on this type of recipe.
[06:36:16] [main/WARN]: Your custom createaddition:charging/weathered_copper_shingle_slab recipe (createaddition:charging/weathered_copper_shingle_slab) specified a duration. Durations have no impact on this type of recipe.
[06:36:16] [main/ERROR]: Parsing error loading recipe supplementaries:integration/ash_bricks_fd
com.google.gson.JsonParseException: An ingredient entry needs either a tag or an item
	at net.minecraft.class_1856.method_8107(class_1856.java:167) ~[server-intermediary.jar:?]
	at net.minecraft.class_1856.method_8102(class_1856.java:143) ~[server-intermediary.jar:?]
	at net.minecraft.class_1856.method_52177(class_1856.java:135) ~[server-intermediary.jar:?]
	at vectorwing.farmersdelight.common.crafting.CuttingBoardRecipe$Serializer.fromJson(CuttingBoardRecipe.java:176) ~[FarmersDelight-1.20.1-2.4.1+refabricated.jar:?]
	at vectorwing.farmersdelight.common.crafting.CuttingBoardRecipe$Serializer.method_8121(CuttingBoardRecipe.java:166) ~[FarmersDelight-1.20.1-2.4.1+refabricated.jar:?]
	at net.minecraft.class_1863.method_17720(class_1863.java:135) ~[server-intermediary.jar:?]
	at net.minecraft.class_1863.method_20705(class_1863.java:56) ~[server-intermediary.jar:?]
	at net.minecraft.class_1863.method_18788(class_1863.java:35) ~[server-intermediary.jar:?]
	at net.minecraft.class_4080.method_18790(class_4080.java:13) ~[server-intermediary.jar:?]
	at java.util.concurrent.CompletableFuture$UniAccept.tryFire(CompletableFuture.java:718) ~[?:?]
	at java.util.concurrent.CompletableFuture$Completion.run(CompletableFuture.java:482) ~[?:?]
	at net.minecraft.class_4014.method_18365(class_4014.java:69) ~[server-intermediary.jar:?]
	at net.minecraft.class_156.method_43498(class_156.java:950) ~[server-intermediary.jar:?]
	at net.minecraft.class_156.method_43499(class_156.java:938) ~[server-intermediary.jar:?]
	at net.minecraft.server.Main.main(Main.java:160) ~[server-intermediary.jar:?]
	at net.fabricmc.loader.impl.game.minecraft.MinecraftGameProvider.launch(MinecraftGameProvider.java:514) ~[fabric-loader-0.18.1.jar:?]
	at net.fabricmc.loader.impl.launch.knot.Knot.launch(Knot.java:72) ~[fabric-loader-0.18.1.jar:?]
	at net.fabricmc.loader.impl.launch.knot.KnotServer.main(KnotServer.java:23) ~[fabric-loader-0.18.1.jar:?]
	at net.fabricmc.loader.impl.launch.server.FabricServerLauncher.main(FabricServerLauncher.java:69) ~[fabric-loader-0.18.1.jar:?]
	at net.fabricmc.installer.ServerLauncher.main(ServerLauncher.java:69) ~[fabric-server-launch.jar:1.0.1]
[06:36:16] [main/WARN]: Your custom createaddition:rolling/gold_ingot recipe (createaddition:rolling/gold_ingot) specified a duration. Durations have no impact on this type of recipe.
[06:36:16] [main/WARN]: Your custom createaddition:charging/exposed_copper_shingle_slab recipe (createaddition:charging/exposed_copper_shingle_slab) specified a duration. Durations have no impact on this type of recipe.
[06:36:16] [main/WARN]: Your custom createaddition:rolling/straw recipe (createaddition:rolling/straw) specified a duration. Durations have no impact on this type of recipe.
[06:36:16] [main/WARN]: Your custom createaddition:rolling/gold_plate recipe (createaddition:rolling/gold_plate) specified a duration. Durations have no impact on this type of recipe.
[06:36:16] [main/WARN]: Your custom createaddition:charging/weathered_copper recipe (createaddition:charging/weathered_copper) specified a duration. Durations have no impact on this type of recipe.
[06:36:16] [main/WARN]: Your custom createaddition:charging/exposed_copper_shingle_stairs recipe (createaddition:charging/exposed_copper_shingle_stairs) specified a duration. Durations have no impact on this type of recipe.
[06:36:16] [main/INFO]: Loaded 28 recipes
[06:36:16] [main/ERROR]: Failed to load function watching:check
java.util.concurrent.CompletionException: java.lang.IllegalArgumentException: Whilst parsing command on line 1: Unknown or incomplete command, see below for error at position 0: <--[HERE]
	at java.util.concurrent.CompletableFuture.encodeThrowable(CompletableFuture.java:315) ~[?:?]
	at java.util.concurrent.CompletableFuture.completeThrowable(CompletableFuture.java:320) ~[?:?]
	at java.util.concurrent.CompletableFuture$AsyncSupply.run(CompletableFuture.java:1770) ~[?:?]
	at java.util.concurrent.CompletableFuture$AsyncSupply.exec(CompletableFuture.java:1760) ~[?:?]
	at java.util.concurrent.ForkJoinTask.doExec(ForkJoinTask.java:373) ~[?:?]
	at java.util.concurrent.ForkJoinPool$WorkQueue.topLevelExec(ForkJoinPool.java:1182) ~[?:?]
	at java.util.concurrent.ForkJoinPool.scan(ForkJoinPool.java:1655) ~[?:?]
	at java.util.concurrent.ForkJoinPool.runWorker(ForkJoinPool.java:1622) ~[?:?]
	at java.util.concurrent.ForkJoinWorkerThread.run(ForkJoinWorkerThread.java:165) ~[?:?]
Caused by: java.lang.IllegalArgumentException: Whilst parsing command on line 1: Unknown or incomplete command, see below for error at position 0: <--[HERE]
	at net.minecraft.class_2158.method_9195(class_2158.java:63) ~[server-intermediary.jar:?]
	at net.minecraft.class_5349.method_29451(class_5349.java:83) ~[server-intermediary.jar:?]
	at java.util.concurrent.CompletableFuture$AsyncSupply.run(CompletableFuture.java:1768) ~[?:?]
	... 6 more
[06:36:16] [main/ERROR]: Parsing error loading custom advancement strongcross:root: Expected item to be an item, was unknown string 'minecraft:short_grass'
[06:36:16] [main/ERROR]: Parsing error loading custom advancement minecraft:nether/use_lodestone: Missing criteria, expected to find a JsonObject
[06:36:17] [main/ERROR]: Couldn't load advancement strongcross:rain_realm_create: Task Advancement{parentId=strongcross:root, display=net.minecraft.class_185@1afbf17b, rewards=AdvancementRewards{experience=0, loot=[], recipes=[], function=net.minecraft.class_2158$class_2159@79997584}, criteria={rootcause=net.minecraft.class_175@48a21c1e}, requirements=[[rootcause]], sends_telemetry_event=false}
[06:36:17] [main/ERROR]: Couldn't load advancement strongcross:strongcross: Task Advancement{parentId=strongcross:rain_realm_create, display=net.minecraft.class_185@549cf961, rewards=AdvancementRewards{experience=0, loot=[], recipes=[], function=net.minecraft.class_2158$class_2159@79997584}, criteria={instaget=net.minecraft.class_175@c865d00}, requirements=[[instaget]], sends_telemetry_event=false}
[06:36:17] [main/INFO]: Loaded 4057 advancements
[06:36:17] [main/WARN]: Could not decode GlobalLootModifier with json id hauntedharvest:rotten_apple - error: Unknown registry key in ResourceKey[minecraft:root / porting_lib:global_loot_modifier_serializers]: moonlight:add_item
[06:36:17] [main/WARN]: Could not decode GlobalLootModifier with json id hauntedharvest:rotten_apple_2 - error: Unknown registry key in ResourceKey[minecraft:root / porting_lib:global_loot_modifier_serializers]: moonlight:add_item
[06:36:17] [main/WARN]: Could not decode GlobalLootModifier with json id supplementaries:ash_from_burning_mobs - error: Unknown registry key in ResourceKey[minecraft:root / porting_lib:global_loot_modifier_serializers]: moonlight:add_item
[06:36:17] [main/WARN]: Could not decode GlobalLootModifier with json id supplementaries:straw_from_flax - error: Unknown registry key in ResourceKey[minecraft:root / porting_lib:global_loot_modifier_serializers]: moonlight:add_item
[06:36:17] [main/WARN]: Could not decode GlobalLootModifier with json id supplementaries:fishing_antique_ink - error: Unknown registry key in ResourceKey[minecraft:root / porting_lib:global_loot_modifier_serializers]: moonlight:add_item
[06:36:17] [main/WARN]: Could not decode GlobalLootModifier with json id supplementaries:fishing_antique_ink_treasure - error: Unknown registry key in ResourceKey[minecraft:root / porting_lib:global_loot_modifier_serializers]: moonlight:add_item
[06:36:17] [main/WARN]: Could not decode GlobalLootModifier with json id supplementaries:replace_rope - error: Unknown registry key in ResourceKey[minecraft:root / porting_lib:global_loot_modifier_serializers]: supplementaries:replace_rope
[06:36:17] [main/INFO]: Loaded 27 flute songs
[06:36:19] [main/INFO]: Applied 7 data villager trades
[06:36:20] [main/INFO]: Finished additional setup in 0 ms
[06:36:20] [main/INFO]: Initialized TerraBlender biomes for level stem minecraft:the_nether
[06:36:20] [main/INFO]: Initialized TerraBlender biomes for level stem minecraft:overworld
[06:36:20] [main/INFO]: Applied 2432 biome modifications to 178 of 178 new biomes in 85.41 ms
[06:36:20] [Server thread/INFO]: Loading server config for easyanvils
[06:36:20] [Server thread/INFO]: Loading server config for easymagic
[06:36:20] [Server thread/INFO]: Loading server config for netherchested
[06:36:20] [Server thread/INFO]: Loading server config for puzzlesapi
[06:36:20] [Server thread/INFO]: Loading server config for universalenchants
[06:36:20] [Server thread/INFO]: [STDOUT]: Encoded SpellRegistry size (with package overhead): 118475 bytes (in 12 string chunks with the size of 10000)
[06:36:20] [Server thread/ERROR]: Registry 'minecraft:wolf_sound_variant' was empty after loading
[06:36:20] [Server thread/ERROR]: Registry 'minecraft:cow_variant' was empty after loading
[06:36:20] [Server thread/ERROR]: Registry 'minecraft:chicken_variant' was empty after loading
[06:36:20] [Server thread/ERROR]: Registry 'minecraft:pig_variant' was empty after loading
[06:36:20] [Server thread/ERROR]: Registry 'minecraft:wolf_variant' was empty after loading
[06:36:20] [Server thread/INFO]: Starting minecraft server version 1.20.1
[06:36:20] [Server thread/INFO]: Loading properties
[06:36:20] [Server thread/INFO]: Default game type: SURVIVAL
[06:36:20] [Server thread/INFO]: Generating keypair
[06:36:20] [Server thread/INFO]: Starting Minecraft server on *:25565
[06:36:20] [Server thread/INFO]: Using epoll channel type
[06:36:20] [Server thread/WARN]: **** SERVER IS RUNNING IN OFFLINE/INSECURE MODE!
[06:36:20] [Server thread/WARN]: The server will make no attempt to authenticate usernames. Beware.
[06:36:20] [Server thread/WARN]: While this makes the game possible to play without internet access, it also opens up the ability for hackers to connect with any username they choose.
[06:36:20] [Server thread/WARN]: To change this, set "online-mode" to "true" in the server.properties file.
[06:36:20] [Server thread/INFO]: Preparing level "world"
[06:36:21] [pool-3-thread-1/INFO]: Reloading server config for easyanvils
[06:36:21] [pool-3-thread-1/INFO]: Reloading server config for easymagic
[06:36:21] [pool-3-thread-1/INFO]: Reloading server config for puzzlesapi
[06:36:26] [Server thread/INFO]: Preparing start region for dimension minecraft:overworld
[06:36:30] [Worker-Main-2/INFO]: Preparing spawn area: 0%
[06:36:30] [Worker-Main-2/INFO]: Preparing spawn area: 0%
[06:36:30] [Worker-Main-1/INFO]: Preparing spawn area: 0%
[06:36:30] [Worker-Main-1/INFO]: Preparing spawn area: 0%
[06:36:30] [Worker-Main-3/INFO]: Preparing spawn area: 0%
[06:36:30] [Worker-Main-2/INFO]: Preparing spawn area: 0%
[06:36:30] [Worker-Main-3/INFO]: Preparing spawn area: 0%
[06:36:30] [Worker-Main-2/INFO]: Preparing spawn area: 0%
[06:36:30] [Worker-Main-1/INFO]: Preparing spawn area: 0%
[06:36:30] [Worker-Main-1/INFO]: Preparing spawn area: 0%
[06:36:31] [Worker-Main-1/INFO]: Preparing spawn area: 0%
[06:36:31] [Worker-Main-1/INFO]: Preparing spawn area: 0%
[06:36:32] [Worker-Main-2/INFO]: Preparing spawn area: 0%
[06:36:32] [Worker-Main-3/INFO]: Preparing spawn area: 29%
[06:36:33] [Worker-Main-1/INFO]: Preparing spawn area: 94%
[06:36:33] [Server thread/INFO]: Time elapsed: 7109 ms
[06:36:33] [Server thread/INFO]: Done (12.422s)! For help, type "help"
[06:36:33] [Server thread/INFO]: A new version of Essential Commands is available. Current: '0.35.3-mc1.20.1' Latest: '0.38.5-mc1.21.8
'. Get the new version at https://modrinth.com/mod/essential-commands
[06:36:33] [Server thread/INFO]: Possible world ids: minecraft:overworld,minecraft:the_end,minecraft:the_nether
[06:36:33] [Server thread/INFO]: Configured `rtp_enabled_worlds` world ids: minecraft:overworld
[06:36:33] [Server thread/INFO]: All configured `rtp_enabled_worlds` world ids are valid.
[06:36:33] [Server thread/INFO]: Loaded Reach Entity Attributes scaler
[06:44:47] [Server thread/INFO]: _Sixgma_[/127.11.242.178:49559] logged in with entity id 171 at (6.37214254468363, 101.0, 33.60473129964542)
[06:44:48] [Server thread/INFO]: Loading config from file...
[06:44:48] [Server thread/INFO]: [Essential Commands] Loading PlayerData for player with uuid '09a154f3-b923-3020-bec3-a16871ff5fcf'.
[06:44:48] [Server thread/INFO]: _Sixgma_ joined the game
[06:44:48] [Server thread/INFO]: [Essential Commands] Loading PlayerProfile for player with uuid '09a154f3-b923-3020-bec3-a16871ff5fcf'.
[06:44:53] [Server thread/WARN]: Can't keep up! Is the server overloaded? Running 5153ms or 103 ticks behind
[06:44:57] [Server thread/INFO]: _Sixgma_ lost connection: Disconnected
[06:44:57] [Server thread/INFO]: _Sixgma_ left the game
[07:06:33] [Server thread/INFO]: _Sixgma_[/127.11.242.178:52099] logged in with entity id 501 at (6.37214254468363, 101.0, 33.60473129964542)
[07:06:33] [Server thread/INFO]: Loading config from file...
[07:06:33] [Server thread/INFO]: [Essential Commands] Loading PlayerData for player with uuid '09a154f3-b923-3020-bec3-a16871ff5fcf'.
[07:06:33] [Server thread/INFO]: _Sixgma_ joined the game
[07:06:33] [Server thread/INFO]: [Essential Commands] Loading PlayerProfile for player with uuid '09a154f3-b923-3020-bec3-a16871ff5fcf'.
[07:07:37] [Server thread/INFO]: You whisper to _Sixgma_: marcos comewme la bolas
[07:20:32] [Server thread/INFO]: _Sixgma_ has made the advancement [Hidden in the Depths]
[07:28:07] [Server thread/INFO]: RecipeTrie of depth 7 with 859 nodes built with 716 variants, 471 ingredients, and 604 recipes
[07:29:17] [Server thread/INFO]: _Sixgma_ has made the advancement [Time to sleep]
[07:33:22] [Server thread/INFO]: [STDOUT]: Finalizing fluid item registration
[07:42:36] [Worker-Main-100/INFO]: CREATING AND INIT'ING MASTER CONTROLLER...
